,Pb1.004Se1Cl0.008,In0.005Pb0.995Te0.996I0.004,Pb0.97Ba0.03Te1.01Na0.02,Pb1Cd0.01Te1.01I0.0009,Pb0.958Sn0.042Te0.84S0.16,Pb1.002Se1Cl0.004,Sn0.98Bi0.02Hg0.01Te1.01,Pb1Te1Bi0.06,Pb0.999In0.001Te0.95Se0.05,Pb1.0035Se0.92S0.08,Pb0.98Na0.02Te1ISW,Pb1Te0.9993I0.0007,Pb1Te0.998I0.002,Pb1.01S1Cl0.02,In0.01Sn0.99Te0.985I0.015,Pb1S0.97Te0.03Cl0.00134,K0.005Pb1Te0.7S0.3,In0.01Pb0.99Te0.998I0.002,Al0.02Pb1Te1,Pb1Cd0.01Te1.01Sb0.02,Sn0.19Pb0.78Cd0.03Te1,Pb1.005Te0.5Se0.5I0.01,Pb1Hg0.015Te1.025Na0.02,Na0.03Pb0.97Te0.85Se0.15,Pb1.09Cr0.009Te1I0.2,Sn0.98Bi0.02Hg0.04Te1.04,Pb1S0.9978Cl0.0022,Pb1.0015Zn0.02Te1.02I0.003,Na0.01Pb0.96Cd0.03Te1,Na0.012Pb0.958Cd0.03Te1,Pb0.998Yb0.002Te0.994I0.006,Pb1.004Se0.88S0.12Cl0.008,Pb1Te1.05Mg0.03Na0.04,Pb1.04Se1,Pb1.02Sr0.02S1,Na0.0035Pb0.9965Se1,Pb1S0.84Te0.16Cl0.00066,Pb0.96Sb0.02Te0.2Se0.8,Sn0.8Mn0.2Te1,Pb0.88Mn0.12Te1Na0.04,Pb0.99Al0.01Te1,Pb1S0.92Te0.08Cl0.002,In0.005Sn0.995Te1,Pb0.99Ce0.01Te1,Pb1Te1I0.0006,In0.0025Sn0.9975Te0.995I0.005,Pb0.98Na0.02Te0.96S0.04,Pb1.02Ca0.01S1Cl0.022,Pb0.98Na0.02Te1LNSPS,In0.005Sn0.995Te0.9925I0.0075,Pb1.05S1Cl0.1,Pb0.5Sn0.5Te1In0.0025,Pb0.96Ca0.03Na0.01Se1,Sn1Mg0.03Te1,Pb1Hg0.02Te1.03Na0.02,Pb1Cd0.01Te1.01I0.0011,Pb0.997Ga0.003Se1,Pb0.98Na0.02Te0.7S0.3,In0.01Pb0.99Te0.994I0.006,Sn0.93Mg0.1Te1,Pb0.995Ce0.005Te1,Pb1Cr0.009Te1I0.02,Sn0.49Pb0.48Cd0.03Te1,Pb1.0016Te0.75S0.15Se0.1Cl0.0032,Pb1S1A,Pb1Hg0.02Te1.03Na0.02SPS,Pb0.9995La0.0005Te1,Sn0.95Mg0.08Te1,Sn0.81Mn0.19Te1,In0.0025Ag0.0075Sn0.99Te1,Pb0.99Na0.01Te1,Pb0.98Na0.02Te0.8Se0.1S0.1H,Pb0.4Sn0.6Te1,In0.005Ag0.0025Sn0.9925Te1,Sn0.74Pb0.23Cd0.03Te1,Al0.04Pb1Te1,Pb0.999In0.001Te0.75Se0.25,Pb0.975Na0.025Cd0.04S1.04,Na0.02Pb0.98Te0.85Se0.15,Pb0.98Na0.02Te0.84S0.16,Pb1.0015Zn0.01Te1.01I0.003,In0.01Sn0.99Te0.99I0.01,Pb1Cd0.05Te1.05I0.0011,Pb1Te1Na0.04,Sn0.92Bi0.08Te1,Sn0.98Bi0.02Hg0.005Te1.005,In0.0025Sn0.9975Te0.985I0.015,Pb0.975Na0.025S1,Pb0.999In0.001Te0.9Se0.1,In0.01Ag0.015Sn0.975Te1,Pb0.998Yb0.002Te0.995I0.005,Sn0.62Pb0.35Cd0.03Te1,Pb1Te0.99894I0.00106,Pb1Te0.2Se0.8,Pb0.98Na0.02Te1,Pb0.98Na0.02Te0.96Se0.02S0.02C,Pb0.9975La0.0025Te1,Pb1.008S1Cl0.016,Pb0.82Mn0.18Te1Na0.04,Sn0.13Pb0.84Cd0.03Te1,Pb1.08Se1,Sn0.87Mn0.13Te1,Pb1.00075Zn0.01Te1.01I0.0015,Pb1Cd0.03Te1.03I0.0011,Pb0.95Ce0.05Te1,In0.015Pb0.985Te0.994I0.006,Na0.001Pb0.999Se1,Pb1Cd0.01Te1.01I0.002,Pb1Te0.8S0.2Na0.06,Pb1S1Cl0.001,Sb0.002Pb0.998Te0.88S0.12,Pb0.92Te0.92Si0.08I0.0015,Pb1Te0.9988I0.0012,Pb1Te0.99934I0.00066,Pb1Cd0.07Te1.07I0.0011,Sn0.94Bi0.06Te1,Pb0.5Sn0.5Te1In0.005,Pb1Te0.5Se0.5I0.001,Sb0.008Pb0.992Te0.88S0.12,Pb0.95Ca0.04Na0.01Se1,Pb1S0.92Te0.08,Pb0.95Ba0.04Na0.01Se1,In0.0025Ag0.0025Sn0.995Te1,Pb1Hg0.03Te1.04Na0.02,Pb1Te0.996I0.004,Pb0.7Mn0.3Te1Na0.04,Sn0.38Pb0.59Cd0.03Te1,In0.005Sn0.995Te0.9875I0.0125,Pb0.9975Al0.0025Te1,Pb1.04Sr0.04S1,In0.01Ag0.01Sn0.98Te1,Pb0.32Mn0.04Sn0.64Te1,Sn0.85Mn0.15Te1,Sn1Mn0.03Te1,Pb0.998Yb0.002Te0.993I0.007,Pb1Ca0.01Te1.02Na0.02,Pb1Cd0.02Te1.035Na0.03,Pb1Te0.88S0.12,Pb0.9985La0.0015Te1,Pb0.96Sb0.02Te0.4Se0.6,Pb1Te0.9996I0.0004,Pb0.98Na0.02Te0.9Se0.05S0.05C,Sn0.9975In0.0025Te1,Sn0.96Bi0.04Te1,Pb1Te1.03Mg0.01Na0.02,Pb1S1Cl0.002,Pb1Te0.75S0.25Na0.06,Pb0.97Ce0.03Te1,Pb1Te0.5Se0.5,Pb0.985Ga0.015Se1,Pb0.975Na0.025Cd0.03S1.03,Na0.05Pb0.95Te0.85Se0.15,Pb1Te1In0.015,Pb1Te1.02Na0.04,Pb1Te0.75Se0.25,Na0.025Pb0.975Se1,Pb0.98Na0.02Te0.86Se0.07S0.07C,Pb1.02Se1,Pb0.98Na0.02Te1CWSPS,Pb0.999In0.001Te0.99Se0.01,Pb1.04Ca0.04S1,Pb1Te1.04Mg0.02Na0.04,In0.005Ag0.0075Sn0.9875Te1,Pb1Te0.65S0.35Na0.06,Pb1Se0.15Te0.85,Pb1Te0.9945I0.0055,Pb1S0.92Te0.08Cl0.00134,K0.03Pb1Te0.7S0.3,In0.005Pb0.995Te0.999I0.001,Pb1Te1In0.0025,Pb1Cd0.05Te1.065Na0.03,Pb0.99Na0.01Te0.88S0.12,Bi0.00088Pb0.99912Te0.88S0.12,Pb1Te0.85Se0.15Na0.014,Pb1.005Se1,Pb0.94Sn0.1Se0.998Cl0.002,Pb1S0.992Cl0.008,In0.0025Sn0.9975Te1,Pb0.99Na0.01Se1,In0.0025Sn0.9975Te0.99I0.01,"Na0.012Pb0.958Cd0.03Te1301.2853470437017, 7.162783823541802e8",Sn0.99Mn0.01Te1,Pb1.001Se1Cl0.002,Pb0.995Ga0.005Se1,Sn1Ca0.03Te1,Pb1.0005Zn0.02Te1.02I0.001,Pb0.92Te0.92Si0.08I0.00046,Pb0.96Bi0.02Te0.3Se0.7,Sn0.26Pb0.71Cd0.03Te1,Pb1Te0.99788I0.00212,Pb1S0.97Te0.03Cl0.002,Pb1Te0.7Se0.3SS,Pb0.5Sn0.5Te1In0.0005,In0.005Ag0.0125Sn0.9825Te1,Pb1.01Sr0.01S1,Al0.01Pb1Te1,Pb1Cd0.05Te1.05I0.0016,Pb0.975Na0.025Ca0.03S1.03,Pb1S1Cl0.004,Pb0.64Mn0.36Te1Na0.04,Pb1S0.84Te0.16Cl0.002,Na0.0125Pb0.9875Se1,Pb0.998Yb0.002Te0.996I0.004,Pb1.01Ca0.01S1,Pb0.975Na0.025Sr0.03S1.03,Sn0.98Bi0.02Hg0.02Te1.02,Pb0.999La0.001Te1,Sn0.98Bi0.02Hg0.03Te1.03,Na0.005Pb0.995Se1,Pb0.98Ba0.01Na0.01Se1,Pb1Te1Cl0.01,Sn0.81Pb0.16Cd0.03Te1,Pb1Te1I0.00106,In0.01Ag0.005Sn0.985Te1,Pb1Se0.5Te0.5,Pb1.03Sr0.03S1,Pb1S1B,Pb0.98Na0.02Te0.9Se0.05S0.05H,Pb1Te1.03Mg0.01Na0.04,Pb1Cd0.01Te1.01Sb0.06,Pb0.9Na0.02Mg0.08Te1,Pb1Cd0.01Te1.025Na0.03,Na0.015Pb0.955Cd0.03Te1,Pb0.98Na0.02Te1Air,Pb0.998Yb0.002Te0.9992I0.0008,Pb1Te0.9972I0.0028,Pb0.75Sn0.25Te1,In0.005Sn0.995Te0.9975I0.0025,Pb1.02S1Cl0.04,Pb1.03Sb0.03Te1,Pb1Te1Na0.001Cl0.001,Pb1.00015Zn0.01Te1.01I0.0003,Pb1.005Sb0.02Te1,Pb1.003Se0.92S0.08,Pb1Te1Bi0.03,Pb0.985Na0.015Te1,Pb0.97Sr0.02Na0.01Se1,Pb0.954Sn0.046Te0.92S0.08,Pb1Te0.9Se0.1,Pb0.16Mn0.04Sn0.80Te1,Pb0.9Sn0.1Te1,Sn0.98Bi0.02Te1,Pb1Ca0.02Te1.03Na0.02,Pb0.24Mn0.04Sn0.72Te1,Pb1.06Se1,Na0.007Pb0.993Se1,Pb0.99La0.01Te1,Pb0.952Sn0.048Te0.96S0.04,Na0.02Pb0.95Cd0.03Te1,Sn1Mn0.07Te1,Pb1S0.84Te0.16,Pb0.98Na0.02Te1LN,Pb1.00025Zn0.01Te1.01I0.0005,Pb1Cd0.01Te1.01I0.004,Pb1Te0.9024I0.0976,Pb0.99Sn0.05Se0.998Cl0.002,Pb1Te1In0.14,Pb0.993In0.007Se1,Pb1Cd0.02Te1.035Na0.03SPS,Pb1S1Cl0.0008,Pb1Cd0.01Te1.01Sb0.005,Pb1.0005Te0.75S0.15Se0.1Cl0.001,Pb0.998Yb0.002Te0.9994I0.0006,Pb0.975Na0.025Cd0.02S1.02,Pb1Ca0.06Te1.07Na0.02,Pb1Te0.9998I0.0002,Sn0.97Mn0.03Te1,Pb1Se1,Pb1Cd0.01Te1.01Sb0.003,Pb1.001Te1I0.002,Pb0.99875Al0.00125Te1,In0.015Pb0.985Te0.996I0.004,Pb0.98Na0.02Te0.76Se0.12S0.12H,In0.015Pb0.985Te0.998I0.002,Sn0.98Bi0.02Cd0.02Te1.02,Pb1Te1.03Mg0.02Na0.02,Al0.03Pb1Te1,K0.025Pb1Te0.7S0.3,Pb0.99825La0.00175Te1,Pb0.995Na0.005Te1,Pb1.05Sr0.05S1,Pb1Cd0.05Te1.05I0.0006,Sb0.006Pb0.994Te0.88S0.12,Pb1.02Sb0.03Te1,Pb0.98Na0.02Te1CW,In0.01Pb0.99Te0.999I0.001,Pb0.76Mn0.18Te1Na0.04,Pb1Te1.02Mg0.01Na0.02,K0.02Pb1Te0.7S0.3,Pb1Te1Bi0.04,Pb0.998Yb0.002Te0.999I0.001,Pb0.993Ga0.007Se1,Pb0.94Mn0.06Te1Na0.04,Pb1Cd0.1Te1.1I0.0011,Pb1Te1In0.005,Pb0.98Na0.02Te0.92S0.08,In0.01Pb0.99Te0.996I0.004,Pb1.00025Zn0.02Te1.02I0.0005,Sn1.03Te1,Pb0.98Na0.02Te1FC,Pb0.997In0.003Se1,Pb0.98Sr0.01Na0.01Se1,Sn1Te1,Pb0.97Na0.02Mg0.01Te1,Pb1Te0.9834I0.0166,Pb1S0.97Te0.03,Pb0.95Sr0.04Na0.01Se1,Sn1Mn0.05Te1,Pb1Cd0.01Te1.01I0.0006,Pb1.02Ca0.02S1,Pb0.98Na0.02Te0.76Se0.12S0.12C,Pb0.5Sn0.5Te1In0.00015,Sn0.98Ca0.05Te1,In0.0025Ag0.0125Sn0.985Te1,Pb1Se0.8Te0.2,Pb1.003Se1Cl0.006,Pb1.05Ca0.05S1,Pb1Cd0.03Te1.045Na0.03,Pb1Cd0.01Te1.01Sb0.01,Pb1S0.9968Cl0.0032,Pb0.96Sb0.02Te0.3Se0.7,Pb0.4Mn0.04Sn0.56Te1,Pb1.001Te0.5Se0.5I0.002,Sb0.004Pb0.996Te0.88S0.12,Pb1Te1Na0.003Cl0.003,Pb0.995Al0.005Te1,Pb1Te1In0.0005,Na0.07Pb0.93Te0.85Se0.15,Pb1Te1,Pb1Cd0.01Te1.01I0.0016,Pb0.96Ba0.04Te1.01Na0.02,Sn0.94Mg0.09Te1,Pb0.92Te0.92Si0.08I0.00086,In0.005Pb0.995Te0.994I0.006,Pb0.96Sr0.03Na0.01Se1,Pb1.02Cr0.009Te1I0.06,Pb0.98Ga0.02Se1,Pb0.96Ba0.03Na0.01Se1,Pb0.975Na0.025Cd0.01S1.01,Pb1Ca0.03Te1.04Na0.02,Pb1.00075Zn0.02Te1.02I0.0015,Pb0.999In0.001Te0.7Se0.3,Sn1Mn0.01Te1,Pb0.999In0.001Te0.8Se0.2,Pb1Te1.04Mg0.03Na0.02,Pb1S0.9973Cl0.0027,Pb1Te1In0.18,Pb1.03Sn0.01Se0.998Cl0.002,Pb1.002Te0.5Se0.5I0.004,Pb0.82Mn0.24Te1Na0.04,Pb0.995In0.005Se1,Pb0.99Ba0.01Te1.01Na0.02,Pb1Se0.7Te0.3,Pb1S1,Pb0.92Te0.92Si0.08I0.00023,Pb1Se0.88S0.12Bi0.003,Pb1S0.9987Cl0.0013,Pb1Te0.99I0.01,Pb1Te0.9S0.1Na0.06,Pb1Te0.7Se0.3SD,Pb1Hg0.01Te1.02Na0.02,Pb1S0.97Te0.03Cl0.00066,Pb1S0.84Te0.16Cl0.00134,Pb0.985Na0.015Te0.88S0.12,Pb1Te0.85S0.15Na0.06,Bi0.0026Pb0.9974Te0.88S0.12,Pb0.995Na0.005Te0.88S0.12,Pb1Se1Cl0.001,Pb1.003Se0.84S0.16Cl0.006,Pb0.975Na0.025Zn0.04S1.04,Na0.008Pb0.962Cd0.03Te1,Pb0.98Na0.02Te0.88S0.12,Sn0.96Mg0.07Te1,Pb1.00015Zn0.02Te1.02I0.0003,Pb1.03Ca0.03S1,Pb1.0005Zn0.01Te1.01I0.001,Pb1.045Cr0.009Te1I0.11,Sn0.93Mn0.07Te1,Sn0.87Pb0.10Cd0.03Te1,In0.015Pb0.985Te0.999I0.001,Pb0.98Na0.02Te0.8Se0.1S0.1C,Pb0.97Ca0.02Na0.01Se1,Sn1.01Mg0.02Te1,Na0.01Pb0.99Te0.85Se0.15,Pb1Cd0.05Te1.05I0.0002,Na0.0025Pb0.9975Se1,Sn0.89Mn0.11Te1,Pb0.76Mn0.24Te1Na0.04,Sn0.99In0.01Te1,Pb0.975Na0.025Zn0.02S1.02,Sn0.94Ca0.09Te1,Pb1Te1In0.1,Pb0.998Yb0.002Te0.998I0.002,Pb1Ca0.005Te1.015Na0.02,Pb1S0.92Te0.08Cl0.00066,Pb0.98Ba0.02Te1.01Na0.02,Pb1Ba0.03Te1.04Na0.02,Pb0.5Sn0.5Te1In0.00025,Sn0.83Mn0.17Te1,Pb1.00085Te0.75S0.15Se0.1Cl0.0017,Pb1Te1I0.00018,Pb1Te0.7S0.3Na0.06,Pb1Te0.9Se0.1Na0.014,In0.01Sn0.99Te0.995I0.005,Sn1.02Mg0.01Te1,Pb1Te1In0.06,Pb0.3Sn0.7Te1,Pb0.92Te0.92Si0.08,Pb1Ca0.05Te1.06Na0.02,Sn0.95Mn0.05Te1,Pb0.98Na0.02Te0.96Se0.02S0.02H,Pb1Te0.5Se0.5I0.0006,Sn0.96Ca0.07Te1,Pb0.96Na0.02Mg0.02Te1,Pb0.998Yb0.002Te0.9996I0.0004,Pb0.96Bi0.02Te0.2Se0.8,Pb0.98Ca0.01Na0.01Se1,Pb0.5Sn0.5Te1,Pb1.01Sb0.02Te1,In0.005Pb0.995Te0.998I0.002,Pb1.003Se0.88S0.12Cl0.006,Pb0.94Na0.02Mg0.04Te1,Pb1.0039Te0.75S0.15Se0.1Cl0.0078,Sn0.995In0.005Te1,Sn0.91Mn0.09Te1,Sn0.98Mg0.05Te1,Pb1.003Se0.92S0.08Cl0.006,Pb1Cd0.01Te1.01Sb0.04,Pb0.985Ce0.015Te1,Pb1.02Sr0.01S1Cl0.022,Pb0.96Bi0.02Te0.4Se0.6,Pb1Te0.95Se0.05Na0.014,Pb0.98Na0.02S1,Pb0.93Na0.02Mg0.05Te1,Pb0.89Sn0.15Se0.998Cl0.002,In0.01Sn0.99Te1,Pb1Te0.5Se0.5I0.0002,K0.015Pb1Te0.7S0.3,Pb0.975Na0.025Zn0.01S1.01,Pb1.04Se0.998Cl0.002,Pb0.975Na0.025Zn0.03S1.03,Pb1.005Sb0.01Te1,K0.01Pb1Te0.7S0.3,Pb1Te1.01Na0.02,Pb1Te1Na0.06,Pb0.92Na0.02Mg0.06Te1,Pb1Te1Cl0.006,Pb0.98Na0.02Te0.86Se0.07S0.07H,Bi0.0044Pb0.9956Te0.88S0.12,Pb0.97Ba0.02Na0.01Se1,Pb1Te1.02Na0.02
0,,,,,,,,,,,,,,,,,,,,,,,,,,,,,,,,,,,,,,,,,,,,,,,,,,,,,,,,,,,,,,,,,,,,,,,,,,,,,,,,,,,,,,,,,,,,,,,,,,,,,,,,,,,,,,,,,,,,,,,,,,,,,,,,,,,,,,,,,,,,,,,,,,,,,,,,,,,,,,,,,,,,,,,,,,,,,,,,,,,,,,,,,,,,,,,,,,,,,,,,,,,,,,,,,,,,,,,,,,,,,,,,,,,,,,,,,,,,,,,,,,,,,,,,,,,,,,,,,,,,,,,,,,,,,,,,,,,,,,,,,,,,,,,,,,,,,,,,,,,,,,,,,,,,,,,,,,,,,,,,,,,,,,,,,,,,,,,,,,,,,,,,,,,,,,,,,,,,,,,,,,,,,,,,,,,,,,,,,,,,,,,,,,,,,,,,,,,,,,,,,,,,,,,,,,,,,,,,,,,,,,,,,,,,,,,,,,,,,,,,,,,,,,,,,,,
50,,,,,,,,,,,,,,,,,,,,,,,,,,,,,,,,,,,,,,,,,,,,,,,,,,,,,,,,,,,,,,,,,,,,,,,,,,,,,,,,,,,,,,,,,,,,,,,,,,,,,,,,,,,,,,,,,,,,,,,,,,,,,,,,,,,,,,,,,,,,,,,,,,,,,,,,,,,,,,,,,,,,,,,,,,,,,,,,,,,,,,,,,,,,,,,,,,,,,,,,,,,,,,,,,,,,,,,,,,,,,,,,,,,,,,,,,,,,,,,,,,,,,,,,,,,,,,,,,,,,,,,,,,,,,,,,,,,,,,,,,,,,,,,,,,,,,,,,,,,,,,,,,,,,,,,,,,,,,,,,,,,,,,,,,,,,,,,,,,,,,,,,,,,,,,,,,,,,,,,,,,,,,,,,,,,,,,,,,,,,,,,,,,,,,,,,,,,,,,,,,,,,,,,,,,,,,,,,,,,,,,,,,,,,,,,,,,,,,,,,,,,,,,,,,,,
100,,,,,,,,,,,,,,,,,,,,,,,,,,,,,,,,,,,,,,,,,1774831.393034616,,,,,,,,,,,,,,,,,,,,,,,,,,,,,,,,,,,,,,,,,,,,,,,,,,,,,,,,,,,,,,,,,,,,,,,,,,,,,,,,,,,,,,,,1876035.2666605925,,,,,,,,,,,,,,,,,,,,,,,,,,,,,,,,,,,,,,,,,,,,,,,,,,,,,,,,,,,,,,,,,,,,,,,,,,,,,,,,,,,,,,,,,,,,,,,,,,,,,,,,,,,,,,,,,,,,,,,,,,,,,,,,,,,,,,,,,,,,,,1624856.2586342078,,,,,,,,,,,,,,,,,,,,,,,,,,,,,,,,,,,,,,,,,,,,,,,,,,,,,,,1763098.0439394396,,,,,,,,,,,,,,,,,,,,,,,,,,,,,,,,,,,,,,,,,,,,,,,,,,,,,,,,,,,,,,,,,,,,,,,,,,,,,,,,,,,,,,,,,,,,,,,,,,,,,,,,,,,,,,,,,,,,,,,,,,,,,
150,,,,,,,,,,,,,,,,,,,,,,,,,1360485.9383026732,,,,,,,,,,,,,,,,1124836.8640900196,,,,,,,,,,,,,,,,,,,,,944121.3352648512,,,,,,,,,,,,,,,,,,,,,,,,,,,,,,,,,,,,,,,,,,,,,,,,,,,,,,,,,,,,,,,,,,,1090508.461698517,,,,,,,,,,,,,,,,,,,,,,,,,,,,,,,,,,,,,,,,,,,,,,,,,,,,,,,,,,,,,,,,,,,,,,,,,,,,,,,,,,,,,,,,,,,,,,,,,,,,,,,,,,,,,,,,,,,,,,,,,,,,,,,,,,,,,,,,,,,,,,873343.0911389143,,,,,,,,,,,,,,,,,,,,,,,,,,,,,,,,,,,,,,,,,,,,,,,,,,,,,,,1137641.9554471765,,,,,,,,,,725709.3902161262,,,,,,,,,,,,,,,,,,,,,,,,,,,,,,,,,,,,,,,,,1118288.0779052447,,,,,,,,,,,,,,,,,,,,,,,,,,,,,,,,,,,,,,,,,,,,,,,,,,,,,,,,,,,,,,,,,,,,,,,,,,
200,,,,,,,,,,,,,,,,,,,,,,,,,910784.3257199075,,,,,,,,,,,,,,,,781777.6142571399,,,,,,,,,,,,,,,,,,,,,626408.4840437212,,,,,,,,,,,,,,,,,,,,,,,,,,,,,,,,,,,,,,,,,,,,,,,,,,,,,,,,,,,,,,,,,,,715211.5642566837,,,,,,,,,,,,,,,,,,,,,,,,,,,,,,,,,,,,,,,,,,,,,,,,,,,,,,,,,,,,,,,,,,,,,,,,,,,,,,,,,,,,,,,,,,,,,,,,,,,,,,,,,,,,,,,,,,,,,,,,,,,,,,,,,,,,,,,,,,,,,,534293.607871969,,,,,,,,,,,,,,,,,,,,,,,,,,,,,,,,,,,,,,,,,,,,,,,,,,,,,,,806854.627601132,,,,,,,,,,468122.84740107204,,,,,,,,,,,,,,,,,,,,,,,,,,,,,,,,,,,,,,,,,659956.1065073395,,,,,,,,,,,,,,,,,,,,,,,,,,,,,,,,,,,,,,,,,,,,,,,,,,,,,,,,,,,,,,,,,,,,,,,,,,
250,,,,,,,,,,,,,,,,,,,,,,,,,689610.2335075734,,,,,,,,,,,,,,,,565823.9704029151,,,,,,,,,,,,,,,,,,,,,378819.58058522176,,,,,,,,,,,,,,,,,,,,,,,,,,,,,,,,,,,,,,,,,,,,,,,,,,,,,,,,,,,,,,,,,,,503266.1745256881,,,,,,,,,,,,,,,,,,,,,,,,,,,,,,,,,,,,,,,,,,,,,,,,,,,,,,,,,,,,,,,,,,,,,,,,,,,,,,,,,,,,,,,,,,,,,,,,,,,,,,,,,,,,,,,,,,,,,,,,,,,,,,,,,,,,,,,,,,,,,,348013.95985178975,,,,,,,,,,,,,,,,,,,,,,,,,,,,,,,,,,,,,,,,,,,,,,,,,,,,,,,597715.5835992049,,,,,,,,,,270049.01568813814,,,,,,,,,,,,,,,,,,,,,,,,,,,,,,,,,,,,,,,,,479811.90213932033,,,,,,,,,,,,,,,,,,,,,,,,,,,,,,,,,,,,,,,,,,,,,,,,,,,,,,,,,,,,,,,,,,,,,,,,,,
300,,,140306.93198278337,232976.74236473022,,230736.86609785538,,,181250.4096656107,,,,505884.99061050575,,253354.8988366602,,,,,389213.3569567385,136900.51628597453,464250.1838625181,,,498786.4248147701,245866.08151423972,,,128232.42085970915,164162.34739082181,96397.82122567222,,,,,164992.8413512507,127078.21309860033,,,,420444.664339768,,,,,405114.8216178163,,,,,,,276256.4200951663,735252.6931832619,,288677.7615917332,231866.488694001,,,,,245395.2965653901,,,16566.82484543306,,,367450.9309407072,,532540.5899865874,,,,383953.25389638083,,,138718.21263014522,,,,,167060.6497136749,148417.7354549386,,,442985.57223151403,,,198088.15772173557,,31948.294137983732,,,137799.31876253727,273365.44934060774,,313767.099036768,,,,,,,,,,,,,,,,382738.4650833502,,,,,226278.53973296945,,234046.62414161593,9514.055092132767,,645352.049890224,80506.67537870398,,,,,363620.17559227097,,,314525.8615621843,,,416390.5467209165,258452.67200799473,,50626.9524432049,,,161993.28031900915,,432513.1130585255,307335.21464100195,,,,,30761.714385468324,,,,,,109315.85339857063,294420.0515346779,,,,218660.61131108168,,,488740.4197456774,,,,,,,93462.11482028934,,,122150.68851302555,,,,428019.7413874851,494986.0418282556,297470.1781886723,472197.46296112775,,,,287051.53529853746,,,158096.27229165356,,,,193554.51976734557,132223.88485078956,,446448.29766786477,,,,,130819.77220072015,,166622.59173105913,,23266.171844955486,,,,132655.82946576952,,242107.79565044984,,,,,,,,41167.90932837239,,,,,,181423.93312130342,,737.9421801474172,594917.6757736598,,,,11410.621911083086,,127899.87272270797,,,,276615.0384365076,,,77337.24553701628,,35577.63981708729,476181.555354188,,,,263653.50864326203,457546.28250638884,,168138.23071182403,197835.47258701423,36117.90415276497,,152297.42945634696,,,,,,,,,,2615.907228343533,,,,,283868.63875699387,146068.46665373363,,234879.22940920093,,,,,,,,308463.632509146,193737.56425880833,,77587.53236594284,,94488.51422775607,,,,,,,3302.459446734956,,,90105.92014672724,32542.538513596457,,,,961920.8286162731,,,,690017.8395990389,,,,,,,,,,,,,,,,288961.5450896346,,14449.214294113568,271637.6943065324,249988.3913950545,,,450180.72827933216,,,502194.3031552779,311384.02160597825,115037.6525746244,,,,,177801.48905140747,379253.5989095876,,,210619.4707919577,,182676.83601977595,,174806.86557517314,132260.74135555222,317845.4251726117,,,384589.5196802337,,,182005.10081364098,,,126828.6899856457,,173958.55774121947,975286.9402704552,,85677.10092008999,,113666.81244328187,,,,142015.82355608465,,,,,123598.51631302063,,,110659.10648837594,,179263.29461985413,356225.7381975738,,,,,,846446.1150592286,,,71654.28099703007,,,,,,,7512.914743164074,235281.18131056055,101867.31213319895,,139718.84639020322,,,,,,219819.66078063293,189859.23050247165,883686.2739584558,,,35177.67478313972,244566.630519812,,,146779.69885476548,,,4695.371588023715,109093.8680177954,286843.40898425865,164207.0749780198,78999.92391362181,,,,,,,574324.5196043034,,,,,88979.8099351842,,,,,203469.1630535922,74901.87139836696,,,,,,,,,,,,179386.66589837545,217393.41144319292,
350,261011.90241625905,55664.694418901345,98380.4899496804,170127.5059961283,174268.61859809223,169684.69872708828,327083.8784568198,150382.9540045181,158521.53312670573,,195668.38548516572,161470.6902611235,397195.5016800547,162096.20285145793,236778.61959557765,106679.27778087778,41963.50163351977,31081.802377282525,156492.59073177096,298998.41030529374,103985.35234619211,403162.6464877123,143238.730812361,143961.49593123564,355548.3708789848,219051.5379111152,214840.318427006,189247.58406496394,111780.9745137252,138764.15233084536,53392.0768401588,,82586.31623210292,42411.25231224405,,151705.87041832806,95547.80843620561,26448.377081004786,133855.95363001642,47371.63424397056,318178.60674282385,134297.4825130921,358544.2009655133,,302117.20604030247,348843.79160654714,186072.4141437523,280050.7482399789,167820.28302974283,310809.9252910738,143249.78501481644,66497.96536836187,228749.2677971609,631023.6973055725,138178.2398691771,213958.9839013007,171514.19425012823,,65760.86371280038,355715.92756348255,,172112.13574567204,39215.31448207609,178971.36196587505,12041.35620944458,110248.03729998553,53048.65753221865,320280.09951164527,171217.89256987796,459536.86308926455,162740.34722439313,139591.37191190803,246417.531067721,334392.87119140296,169142.09191191266,135163.19637260365,113313.79654096675,75571.12952375547,112982.14703424474,128336.04136698833,238500.6011114697,158030.33598732634,112840.73686598754,201381.8031570652,112281.66855670548,375065.64020250225,284359.0808341227,118738.2378086471,159317.5930564829,382049.7818373103,21382.89655658852,92832.32142240263,,122546.14157103238,189024.16704906488,224812.5593696625,234377.19794418113,141425.58136501478,,116880.0699727796,65935.78142469795,,160559.2387678962,127455.89327910868,37386.22282231797,33787.03495285846,,277398.2903700394,131818.9191406354,26988.972120156686,49969.17641192469,204537.8278246296,285895.60167595005,,93870.04085700336,142179.17867718337,9762.397577021544,163435.52011737577,176198.94635652224,203454.617334567,8187.886448926671,163181.7465025789,545154.503170105,78989.68164306972,601138.2803734989,35992.97112784922,,257243.3519018123,262932.80400766904,,404908.27419925644,274752.13528036815,207897.61947111003,409284.1210286814,323407.06156519125,178608.0343141819,99251.46832458011,48170.507305531086,178272.37084744914,20276.075554898183,107830.25980347818,181658.66750723997,375166.2448938567,256157.68216324557,145413.51923939027,58656.73219352192,116064.10367523076,44848.98864298051,27188.99461941584,196691.7160400928,85503.4942967364,115668.86335302894,10405.971380068288,179123.1281286471,90460.19275717754,257471.8229115743,168741.06213729153,389421.1611302085,146364.47426066632,173571.77152490255,,192293.5404387633,417749.74489723286,95615.19463122042,,653745.5320967044,120243.94753595721,104316.25619478698,27039.585115935304,42589.28873059381,8325.555263689079,127206.18770060409,98367.26303673779,182046.22347678486,183282.56944236206,,308877.7451061523,424406.30240272457,252091.59675179014,401252.28663534793,,503759.1417433349,98660.27713552606,223956.1078530983,483855.2409179213,111566.8571377781,110421.02443537186,77896.10775548234,114833.3228688564,,149841.88118382203,97963.43653875357,155389.800436933,388354.27142157697,,115701.62003688546,140067.39368282992,58984.85209608087,94765.45478238538,35978.38970380011,133264.46881657734,277531.73984717386,12447.450714317869,,64467.284018926875,266789.6086125888,93234.47208117969,246100.40537067852,225047.55168937013,226208.24213157155,314308.19584712794,219064.60169198457,394019.25345459336,326229.59371212625,48893.266502627645,,28207.082103424706,192397.772958952,183070.95007826993,276856.37805313664,85206.18753800448,121430.74922799366,156008.46650438913,210688.9115843853,788.5646124943996,490187.54024747986,54494.424998316565,397197.40794730885,174326.6470362877,14030.514599576767,167513.19582045602,96453.82091970796,,321182.44732563477,132679.1555807084,221389.9091718391,244426.03680132283,171491.5914614983,91407.64804827681,421817.9890433969,14962.807402951803,488689.6103974818,151982.08195619594,269731.2733783724,54755.866337171756,243494.208813399,360996.28050708165,126362.38749044249,141393.0442142232,175233.67499312863,26270.503051081265,171837.68946367817,116397.02560500796,309175.63767158194,,,14223.359541205227,,106667.10751825524,112531.65387309922,140830.28435379383,50349.012011886014,2162.1646643590407,95897.05563606722,182251.95482646173,,424976.9203502632,10300.179623194912,104258.10368682863,504843.558151298,162767.61094096786,26670.491516317707,135653.5301921002,21801.42871123337,,,159412.46346318605,119693.51101547488,251516.60106657667,149056.9385001773,,57352.60451060941,172237.5184719082,105482.25393297896,188249.43582572098,22345.36833053187,39030.13222807394,,168540.50067759398,125491.658470919,2758.300013822017,277726.466529137,100763.23815240689,64753.293539900915,21346.424557298706,164295.0193713619,46597.065276627894,94858.85638276984,794159.7881411957,,,245911.31682803214,641242.5270430814,173065.89065801236,,16855.122340695176,204027.9110846611,315288.20175592456,122297.18918083282,,132705.70843233645,238011.27980131484,509184.81685920665,522102.84235972597,31320.140557277045,238276.59003061103,,56092.80526359688,219083.44023431698,254230.77550170713,20392.06173978414,231705.5846288202,191828.75781401267,137952.36199659746,218054.5422444201,343219.63908914156,59578.96511908128,100407.831958364,30996.8396469892,237911.68426318886,81363.13884440542,275782.5286186186,146965.59631006233,89594.1391978634,237230.8379830303,130572.55624932236,306648.6002785824,147182.41354263888,116392.2114290614,154788.55708397232,133251.88629261393,139660.73158883047,564417.522331727,144770.57696984525,95789.35859161895,246661.2314498613,11133.207275091716,,325015.99482574454,35459.46449075131,,118226.1230164615,26099.134381748023,8855.93172497828,87631.35265281331,165757.3565288952,130014.20714019833,744988.961412082,148865.55689664336,63444.0519262508,226909.69017647847,82590.76500105369,127178.96607365634,142845.3545088158,136247.19534073793,123132.76286926868,80839.6830735869,96056.45012018713,216961.0439794606,42412.53426517721,111391.73837004155,137986.7321443475,335728.51768470614,81243.66336662618,,136992.49540537293,264103.69353588665,249688.02276571275,229786.95563826757,19759.79211652075,133225.74439582095,239820.81214892934,713028.770832506,86751.15309085796,14784.79855025321,64611.824856363186,206685.35852506384,,185217.63179549965,73922.74809008776,506862.04715524847,16917.154096473514,5188.659875524111,165905.91439734213,76637.28243727214,81424.69491522806,98086.0090498355,182949.2713254634,202695.10941878453,191224.42781541732,141646.81224180487,110980.07674662076,180243.7365126859,179862.18301557994,731452.9888831079,32157.673431245134,295038.77298609284,25080.828598814434,191853.36983018927,324058.65264921624,224241.31644920202,120044.19845216471,568881.0194543069,150571.9116912654,3629.581484328622,85465.31658955404,248747.75092271937,129340.03840444502,80168.21043706452,38741.98930512846,234274.7954767628,119500.35071420553,241052.00852468904,305129.16185897007,205677.70720514466,499043.463697589,,308766.1827030941,39265.275520921175,411477.7358178315,66672.34312972834,207301.01877275162,109356.50574098254,101516.81488039013,,188958.4817892672,56074.67874277491,155681.36145116622,85068.71124880714,,61555.74033824062,,96142.58757932286,195701.9109927714,45926.904662524794,92416.62188928883,173524.85460179456,166744.1096985126,149031.03200680035,181192.6710507025,
400,204457.73447971512,46224.48726362572,68800.7831926113,126929.54702991457,131552.5155058665,127201.47075100895,277393.92609771644,132084.22307788173,145703.15264215437,,146924.58699340973,118888.57977326463,296738.03785260837,136491.44668096013,216878.259408707,81054.78532636061,36787.29613315861,25622.132477799198,142903.2431193234,233047.66685257014,80096.64243592042,332384.28884359845,115585.19491945766,109975.78839353129,261743.34069322736,194068.80907339917,158637.39895507458,143536.72768880008,95721.57442357078,116531.45803386984,35058.257377794755,,60937.23589905538,33276.501101903865,,129021.58887274047,71891.61674710625,28851.475618939265,126967.02667443494,39650.02128623553,243242.00201663055,107027.74560729484,318023.86700549,,228143.08446137223,302435.57353203,138848.49771935784,230565.34082406573,117844.0897905146,272896.2911701482,128833.66767640389,52458.71769009971,188237.02782558452,532052.6388134332,109719.2514849815,161215.57886625477,131611.7166856979,97285.0500077284,53997.26874333003,329903.98149386945,,128408.75000972005,28142.73419177439,142889.76130950358,8746.223666304315,108036.47337604873,38699.59435219006,284052.8141042846,164591.56027200614,393519.55688002735,124729.52235193469,117348.61262670765,192107.33925538865,294564.6403539998,137173.4852949567,119933.98487862723,107466.97984410092,65434.62731201477,88889.14719964677,89505.13422366197,178863.9189243316,152236.43294648352,86733.1859013862,162530.17718701085,103613.65294605921,315755.30025101244,242056.74687112277,95893.78021519305,146214.47173991989,342815.64196738455,14900.050267746445,69721.10967711627,,116511.65252152178,144714.36772013502,176356.18754276604,181919.40209466315,119127.72012392494,,89175.38504019938,49713.78727120452,,120665.80753672608,97151.41255343426,32298.58516450843,29455.55108936876,,217199.26110774023,100911.96421430903,19761.912775492645,38373.953771052795,153338.66971965088,207089.40157497386,,71766.24131053765,129349.6305144066,10092.483916000945,117835.76614976196,146364.00148605995,173991.84935436118,6633.502497135254,137805.7808426827,458160.28565235576,68477.62977101328,459097.307619362,31644.021279619923,,231518.65567310524,188528.05715510272,,342810.96460022224,239409.21448476054,178000.39851471543,360807.1049111146,246812.6842638218,120999.4298805471,80505.4704636549,36953.60908696545,133527.51172319858,23470.858028606046,76321.57250881336,148825.0733207984,326737.1782408096,234378.36948126848,119088.47559349239,43113.556427839096,89148.8593403593,40191.044084964036,26379.91736146334,165296.31774201617,72760.1023860841,90035.71461954703,10030.634264161425,137555.82076633908,91201.55465519897,227648.13529191166,138235.73905078584,316138.18132344075,102256.51521243411,155333.82587465472,,148883.3873294339,362700.28997948096,70994.24125669646,,513404.19265852036,93709.22328797204,79610.63341003633,21175.39332722791,33345.64642582288,8411.469066320919,92112.24335892987,75298.814346127,119576.49867939146,136631.12288971152,,256515.47587218898,363285.8538148273,213888.59370879864,334048.5083401365,,441386.3353823741,72229.53096956946,174759.7513019801,392889.0309723136,85523.83794313381,79082.26025759988,58643.22190611384,85769.46434298385,,117048.32023845363,74609.46594362974,120066.73208737606,338743.5049323162,,99567.97206560109,108912.8415305498,49576.85811662553,70570.22102739592,30706.346403701362,107594.72359487391,237450.91421970757,8419.15695591964,,53892.951977874676,228701.89105363854,69677.34707119539,213531.6231098682,188191.91479778106,186082.02122997085,287416.291567188,185815.66067305394,332592.6923903929,284926.1600175122,40537.01887485831,,19842.53429170436,161143.228988525,130902.2429163626,234979.7074102715,69829.51815106295,83607.24088997603,131736.451677373,153756.97367722326,979.7952443991596,381540.01956134464,32461.822522149414,341283.23839736753,150934.45505840177,17124.003407475626,119757.8490809224,72679.41352712511,183355.15714645205,259206.06344509847,115296.93994419882,160564.19643294252,203889.30363739748,132058.22037427244,99917.63522514561,369899.8078209469,8209.233892496593,407057.59540797444,107104.09649443271,229864.90514142602,42841.25737351191,208602.31653710938,305882.85731884406,91828.27178190649,120039.12990709532,153802.35447602146,19385.88980983803,129047.15157765058,89367.2659478448,245459.93374154787,,,13313.913797732865,,104442.47128463816,89898.898786195,103199.82673842576,38176.35779058391,1789.3788250407035,81636.37552750017,141620.94059039792,,373895.3819157017,7142.058382910764,75878.71305762744,441361.96310082584,115620.51723312102,23200.107449360425,114229.2038597305,18658.28712860361,,92912.05290660588,138758.94205553317,93159.72707863204,199151.28296002353,95432.11274989332,,43211.00105745671,140823.6330175582,111652.30494167958,143405.66121947343,18826.396849204728,34147.36219555315,,144678.20439345483,110228.6746195138,2344.171197901837,223688.52743964852,80313.7875448108,48120.26635254233,18111.00569373984,123832.11170032123,38470.66549043497,74425.69755104954,665866.627741124,121269.56363583346,,207505.409681656,533937.2009552643,135501.94384938548,,12585.344596394862,167636.5520006775,274445.86528743384,88814.47115317499,,107185.16877530178,182740.79324055233,409498.19359540055,450436.55403085065,27496.56008055709,187989.17284421204,,39366.43509240443,167091.29848065763,198698.25804620306,24536.626401972084,195259.62609578623,144169.28774178034,109958.32303727306,157211.93326688462,267489.0884544733,44111.576767029524,82047.25212308473,24549.490908652508,181934.738104339,57618.78848825849,239503.70416198717,107184.97678740509,77879.60563623719,198671.92768185464,102790.26583964097,255196.86953315977,125347.1715806778,94292.03903701354,110819.22254317423,103170.46515910942,124722.77419227357,489135.5981562898,129005.73886593814,65230.357138131454,191942.54887859974,10700.251814004318,,243461.1332451489,32479.858185059453,,75920.50538764452,23123.19478545592,7522.690139192193,61956.77085701702,129485.43964304891,99397.38884335502,607694.4443465151,117542.43148672744,49640.43248811574,169888.38425704348,61657.99775106064,99735.15145323961,105095.79256284842,105165.45386878622,101650.1170955649,51491.58617624105,70192.22095378139,170226.14598177746,36441.89402141272,91043.10497759467,100285.39407577191,297718.7045262122,62083.03519084254,,102260.7680779337,197594.18320843237,225186.2011403191,196084.8692224254,16524.441601614817,108998.21864090202,204358.35813751258,613276.7546497369,60880.20095650759,10842.35428470248,59535.94373406031,193328.06213088537,,172219.74242097663,61516.40938519209,403708.0426229902,15674.534130565133,4355.2304976279775,121084.9955481952,57804.81916574307,51356.09483551164,68601.9871811393,148431.03612739043,195231.31772480079,152317.20584734794,90325.06136693918,85697.18662977096,128104.77857753349,167995.99411148022,622617.6784549467,28592.984156621904,229596.717364507,18917.34029006306,145295.84066711232,290587.5906430209,183095.11314514384,84410.88413651,458791.11128127505,118058.40836561343,2769.084507083711,65425.0722563999,214622.47134835704,97299.51530326046,80656.59620514454,31105.396867095144,181296.40852169972,95228.99331785337,204538.85378104114,268009.0382210787,188969.85922652108,435198.9166081706,,247897.60668319627,32064.564581189294,327062.2857316821,49546.858316361846,146201.21037964473,86496.73179161176,80100.11521755811,,174527.93580456014,39434.96321088981,127816.44814496022,70568.43570042244,,52672.89621640439,52840.33395785256,84395.70638110547,134109.1986145461,37600.56127594878,73951.4975824497,166195.23405353565,141595.50564263645,122202.46426002838,150702.39675972878,
450,163161.4362053359,40372.883607057855,48645.46845203033,96058.36720911926,98276.58425319835,97182.2295400505,233406.88366377447,116574.21450555592,134813.61131899292,,106864.89491453755,91799.84251483632,226833.3655046329,113875.58226070204,196645.6523908042,63479.50684713962,29147.731653076597,22482.37954897608,126933.96493192157,183015.88115659216,61022.95330011379,264903.1444265963,88813.58668707148,79789.37792821795,202697.1345436592,171980.27232739294,121590.55785734522,110934.90641082394,78812.56275104762,95592.76064394126,24825.091465195124,,47698.55014741095,26955.735597043793,,107211.80889825415,54354.929460247804,29215.582452084403,118420.94493263237,32533.00548881657,,85790.44269820268,278590.4227618447,,167257.98615872322,262123.60421640606,103053.94176918222,192090.53688504407,78623.31189751704,239325.90696574684,112396.42861836645,41856.02879190435,153759.82720337156,442921.2207276571,82271.86639539059,122856.84158856585,102640.01390360482,68858.91191674967,46324.55660811969,299861.88727712596,,100029.99246613667,18700.6976524028,116042.8487272322,6633.649339851399,91836.87685211748,29783.74245393774,250878.42228968116,155106.49082220823,337317.6931084196,93749.69993928287,95449.39624345582,151846.86904732123,259201.88088435432,108467.70031020022,104205.60482467129,102544.16175904305,56123.41416053349,66407.14586931356,62469.978028717334,135063.31215956336,144077.58921499297,67076.7912442733,126909.18391131531,94457.90856911027,263315.90815113764,206956.0060654261,76747.77598183352,137190.0160419881,306009.0529341557,11670.108628871909,51540.146315964754,41130.64812428551,107295.85435327778,110015.21457865601,135901.53450925712,146647.4602202635,99296.21243508233,,69978.9547728626,39366.6840648402,,92104.26586446099,74643.25590826734,26775.084529111686,27109.277201388264,,170350.88523532776,75628.61936893896,14303.593048107228,29394.11557620476,115244.62867526943,157331.75442761634,23570.587679196382,55278.40185685459,116691.58433294304,10542.361979485284,87501.9749286711,117123.3291233957,146741.698668585,5306.337634936659,115714.64274918602,390659.1294659367,56177.592979101,362300.962341964,27193.890487548895,,207921.86757380838,,,299650.1764379044,204250.15937283752,152884.75262149493,316304.40675526776,175803.41861066292,81402.81675786013,62433.05908433645,27600.71918186094,105192.07341098686,23817.32466117741,56848.89255675777,118219.80079427292,284861.61281700793,210485.29409894443,85068.84017391689,32516.72017742938,67043.87434109287,35324.8316493898,25006.46620213012,139803.30223216617,61259.53909041376,68136.33774652999,10150.417474214513,106258.04191088863,90659.1526823553,203962.02386159258,110642.29783157911,259774.34633164294,70080.21281415317,142753.31787469928,,113523.67304760276,315707.6235890339,52340.71325483691,,422194.1565358789,73777.61582522315,61155.29121303081,17824.18517496332,29628.622044426353,7740.318918192352,63562.08318458556,57113.563577662506,81489.84711869579,103255.41810043983,,221023.7789811094,313244.26463670563,180708.283251876,283101.7676274436,,383917.94859304477,53942.502083623316,136767.82249768253,316532.2002560585,66773.30724238463,58960.55223663873,43367.42203942908,64015.55281832523,91252.15971431136,93725.67406072965,58843.56220428599,90671.29215730049,294893.87518112006,,82881.61565688913,85040.07979825593,41132.408105999704,53804.72171468125,26199.61359735277,87556.44309165317,201691.1789048634,6327.733115723354,,44209.569099814384,194530.68776470027,54624.9275606857,184421.61180440595,153550.90973766247,151519.31606222107,236912.0997825375,155115.6882223538,265554.8352391724,248936.81786542392,34158.3345451184,,14489.105613568623,129686.00828396203,92654.22732612048,197122.8781269358,55724.66190423112,57651.88163403631,106922.72938274016,110330.34126588584,1422.1645174841847,302453.43839135073,19785.066617148626,297445.15527257335,129814.72877048227,19580.460790420097,88489.84951463781,56723.95452605619,148354.58175461277,212599.1328285255,100395.78651543777,116780.88301220795,169657.37183631514,101012.417986301,96206.2709329781,323986.32192140864,5021.003046490279,335432.3390966952,74597.98014900833,192604.07534105983,35635.44002090051,174675.26024552147,265438.6595166172,67999.50729834661,97692.48371345492,133915.36262313352,14485.832066282223,90591.00728273533,70127.2561078297,195402.6251570757,43477.47882856615,,13089.051441983678,,89481.07691343827,70230.91311877023,77027.19845625735,29299.796977865914,1697.0621486118014,68730.59211385925,106622.79400271102,14097.507486545714,326372.86815935397,5063.933069816238,56452.26635233755,366872.9927351078,,21421.65094524133,94123.3651921578,17029.910999329528,,66259.50811273232,116942.27782657102,69967.91175555857,160348.22452309533,62200.818934779316,,32970.32427184086,105998.83687808456,108286.09317626315,106051.72426511349,17183.20286975085,28836.55209362109,,115003.43869493203,97963.04614661244,2430.363292426613,181973.68389621982,62133.63233398257,36659.774741027504,16590.511680685744,91141.16967574565,33546.18717623514,60160.94729635142,562430.3203863157,90049.11385782079,,173069.83051761944,446359.0877899048,100258.29799992125,,9903.741685634945,136507.00081329077,236972.26673907932,65624.04644918884,,83377.68013414624,146558.4757211804,327732.6285698046,389396.91651564854,24680.450410444388,149840.58660158212,,27454.36919376353,128315.31634082668,162431.30726480507,25578.70060614741,159739.69659449207,112147.62387952326,81725.14817154003,118784.22881689626,,35998.714965368905,64535.86909307312,19241.921369759406,140092.0576939918,41433.65365377348,208849.26833714778,80171.80955083063,69054.41005622153,164695.2869971178,84236.48959103588,214879.1430987264,105759.23806371217,75784.72905565106,78315.50341601361,78905.62193181485,113798.12195238892,424175.91702072124,118827.04592763826,43424.91514237004,152805.1497395129,10730.58592851695,,191131.2068679223,28582.10888417007,,49223.761652367655,21098.695298832008,6450.46505469847,45117.29576451727,101731.90140393702,77396.3049527075,507382.6755650393,91905.12773994275,40311.21167884872,124559.75920059858,47028.34709640243,78441.18485661421,76145.8744552955,80732.31195821811,82842.56717282011,33001.55517567485,52525.64541439526,133948.36293995345,31189.62837423419,71205.72261263916,72149.37743242783,261965.7649859303,49238.0401163462,,79211.69915885822,150407.46422998593,202111.87224596896,165886.68869154714,14807.368743410101,86220.12414540909,172298.86130978388,522402.78082191106,40967.15989385182,8217.916651627791,51340.05331042291,179207.40761961986,,158723.59210219994,50964.27313248848,322211.7442180163,15315.48050406038,4252.801250629462,87450.64078198932,44113.68654189975,33223.361533883726,48499.9596037172,116547.57294213498,183904.62905540614,121795.13836736161,62338.06391527949,63667.0967352743,87012.68785912015,155513.0177007559,525616.0094527788,26904.142488251702,189693.20465248168,15165.51709345507,108123.43129040013,259309.0068762218,143586.54973598733,61437.87644172081,370009.05580215855,88006.96425633703,1939.472158341768,49395.90354023359,183403.19434848113,70452.72799487649,77471.6905459502,26504.482446932117,141650.65334697813,75619.35306603584,177374.82746147536,235502.34779371158,171067.5344370471,373759.4230232858,,198080.73337871348,26738.74000445865,266254.3610880221,36606.128504582506,101223.16316400193,67427.84609939402,63923.73703866982,,160632.70608628087,27571.947386338637,95957.96253460785,58428.69765266689,,44655.48523059081,52107.45612729597,68021.83870427252,93048.90812496236,28730.11471701559,59408.58291953441,141133.03010989656,115652.8882267403,101630.17788083367,125028.20054686745,
500,131333.42490618117,36231.44932681788,35349.8667412682,73182.38896981278,74078.97353085176,75376.69693431444,194423.2151395299,102675.40566708893,122364.75920922552,,77792.77829157397,73361.74070918374,179180.1299794987,94311.56093494949,176931.80853442376,51261.18316813087,21610.442108029034,20393.894836277468,107930.20754490886,143970.36879717,46633.44781015674,212493.83974917923,67190.14548351895,58656.90924323645,164649.11088624585,152852.51276554115,96200.76878243673,87943.28725370494,63608.09939119122,77380.21290076173,18785.46979272976,,37447.46464882139,22610.51240325367,,88403.08386947452,41363.83561189647,27072.153646765044,109045.42222538266,27429.82230248082,,69130.3741765758,243094.10686224024,,123778.08663351063,226297.8953124156,76779.07520798303,161327.07300610282,52102.1859433904,209965.2176075196,95043.91201423414,34020.39797794705,124531.21770722512,366332.7268794222,60367.62711220933,94204.81179106282,80159.04571040627,49271.733291717945,41152.28234579461,269142.3679431331,,80081.63597880343,11991.212606000714,95755.92789777707,5144.979742175055,71981.6513164239,23894.47303212814,217797.89259192348,143410.51052598213,290053.3467047566,72067.50516902325,74053.53920137137,118643.22707815962,227123.26497782787,83146.0255494162,87956.7308037245,93655.87510206016,47710.57961590991,49679.967551859125,44446.558102021576,104497.16170268613,132677.37782794255,51979.478012591135,95712.84725168395,86341.8924125546,217089.64969927375,175277.1668603272,60939.846145754214,125269.6375252285,268557.19390466186,10378.935033801721,36883.78652409068,31920.308936707093,93620.03651643814,83831.21662053978,104112.38246862404,121705.29033570469,82285.00006328894,,54117.512998266146,32280.45369550446,,72242.71313728011,57283.11467075185,22529.835153766853,25558.006863242364,,133903.3346264977,56443.638893843396,10743.812360827229,21257.401863633066,87018.01161067234,124953.84365213924,18875.776446444564,43062.2962024539,105114.65086704463,10938.637851400958,66703.81620215288,99401.91286726527,122292.5233136162,4326.379256262851,96343.82641323004,337830.68655365054,45216.337706797756,291783.882990136,22499.182981893675,,185476.57302579738,,,264304.3538632672,170367.57771264645,132346.93804066553,275767.20499826793,120042.64623543299,55608.825670565944,47384.27585599542,20326.853189181635,85596.35545666619,21612.56645555288,43974.977134044544,92503.64206710673,247976.45512434933,179521.83504321316,61876.39342240803,25008.946429617004,50418.70614523458,30973.61489401761,22234.291179784923,118840.84371197445,51066.19374547065,49248.27974527021,10550.836082644202,82457.26911840239,81610.65328845594,184003.52417759463,87560.1528744448,214653.18655017717,49660.2928265367,129369.54192789094,,86460.45386753208,274944.8654694326,39308.84660096705,,355419.0153875239,58544.59893249918,46776.01579967805,15583.20058511768,27319.39249848634,6607.750647753477,43849.59365313675,43419.786459725874,58581.57114674135,81005.17034102464,,190523.57058765262,271298.9162876071,151210.7841126729,243931.73919333844,,331692.99880194117,40957.974085637135,107654.63769287895,251534.77253872948,53047.904658501466,45836.12378488481,32172.510274339096,48531.12571229867,74396.60438928008,77028.02576314728,47224.996916734555,67626.29499354593,256702.52105835118,,66861.521273897,66646.23091070354,33954.42966005376,41682.718314002734,21552.05291509154,71649.8448618981,171836.89051844538,5339.168762666403,,35841.519978710676,165326.3478578474,44409.33176490358,159376.02899230632,125495.02704747354,122485.9851264297,192768.93859568116,125670.62821328733,207929.69302083805,218242.72645955515,29931.83379040481,,10954.393202996172,98241.48794670752,65828.76317164139,161889.63396455906,44360.15574761474,40433.78141010832,85353.34659383414,80412.2557582697,2346.0073011538425,246733.5786636857,12936.11297564584,257123.41826330454,111259.24133162852,21148.428250721685,67025.89491402611,46094.61470228087,119781.9100234709,176606.49515729258,87468.7192986809,87822.72354067706,140805.1505816913,76888.85211618501,82998.51439306857,281560.3544840454,3638.9234238357913,272867.0013960693,53022.35300139763,157214.97766756313,31018.97019305709,145585.3980788883,232125.8178624799,51196.07955134846,77934.53273047708,115800.27613929761,10992.717890180822,63924.66452958908,56618.3791546965,155516.359604212,57339.316828681156,,13257.612625373451,,71402.48947875248,53494.7064561203,58623.20592465834,22759.532893543532,1900.8035383579852,57219.80987480597,79339.93724746199,11654.564145011827,282593.74437308544,3705.5296278711758,42915.480105919996,299017.99416463653,,20350.840445273556,75561.61054674367,16063.950565719453,,46757.206094445195,94760.64594428136,51150.34879800066,132085.30102180477,43170.963178302016,,25345.2386494769,86141.45311537877,97549.61700336612,77597.31141794308,16293.480370168225,23903.140060493795,,86761.08961647609,87648.97568974807,3029.4948966869392,149942.75590285123,48882.67797398393,28322.27717609005,15630.640361423626,66902.51511854822,30184.72068685561,49615.812895848074,473676.5736389058,65667.21954748221,,142685.98599751305,372629.535022059,72567.54369103326,,7894.521683485247,110265.2492668184,203026.58516932488,49284.3586788855,,64379.216998466174,112617.1055410118,259660.88118501753,337994.5972799353,23068.052541764424,120142.16753799492,,19236.92044570815,99220.12334224791,133255.09724646542,23816.675082623435,126922.28493258171,90624.43055290425,63947.978445525245,90642.89791346705,,30543.5718578557,45001.59714937284,15228.924541011009,108942.10963122151,30774.452178937965,186501.61242767773,61243.19983147597,60773.430452069966,135125.36396121734,70474.06252944935,181106.22751495475,88386.50263124416,60641.41623779893,55771.52511079959,61055.71040993209,101381.59338626487,368511.06714158587,108945.86789065874,29970.771644536813,123881.2284413813,10958.566508474827,,156047.7189858114,23828.132660804717,,33203.984788643895,20142.54916955944,5588.484079229267,33962.33414602652,80415.87428470934,61110.8039770593,429262.5388899258,71130.01761852484,32530.854857442435,89928.45402378286,36335.67906838306,62113.5618753396,55138.2410210534,62019.63885850122,67641.38360465533,21912.39566486515,40148.08136247285,106274.71537581482,26639.428357416065,55579.31051094344,52166.91907322523,227577.68279520143,40258.50574447594,,63882.11691588715,116443.98653977575,180691.07154973922,136444.10783661576,13796.315458750178,67403.70331900712,143103.97423853946,434584.2587574525,28031.932164109883,6459.324307993913,41876.76423037735,163835.14407067175,,145217.8397079592,42162.85681383553,260194.71438902407,15264.119685076706,4670.588156052113,61412.2705652928,34253.90827542823,22600.45501483162,35295.64925186883,88552.98410083447,169956.60840417302,97038.03208179554,46002.00125443675,47126.331235998834,60139.00648413129,142867.9800497001,432405.105221577,26104.79592774423,154784.4178557233,13279.227444110089,80895.73881372837,230459.0359716334,107157.43691471498,46487.03479001706,299894.50136090955,64203.408281606506,1577.7033475643673,37285.766157369944,154571.83061923913,50058.801501115566,70913.54011848441,23309.019852913218,111677.50790075166,60276.8491646967,153272.2578213212,207466.64696423936,152789.6757600872,314711.9928530706,,157230.99782321532,22896.319474239597,222117.744520952,27098.495473740215,71498.17955685653,51890.27649240097,51978.34565795108,,147483.8600757433,20276.784781172664,67561.90596611472,48395.31096745594,,37569.272059089984,48009.14835554961,51741.99297112122,65795.81777947862,20174.54755872524,48267.315195871575,113449.78603134009,89180.41580199753,85475.73841653395,103391.8863020431,
550,105940.32336603291,32985.03351297567,26763.1458259708,56040.37376312679,57266.03134624311,59027.44647919177,160556.65155360475,89959.25661524711,107868.16781818087,,58383.349379830965,59912.449711849695,145116.88333270475,77859.86243887665,157869.16579290177,41935.64813135599,15546.43125127675,18905.432785745477,87601.04006622569,113303.0771860308,37277.136431436054,175430.6400322784,51719.968631457305,44567.12402470644,138110.4830412249,136154.0088986958,77696.18879957325,71009.15233903495,51595.11479332885,62859.65121180129,14758.613759234051,,28924.076234745327,19346.672264754452,,72218.21251665655,31675.090923784534,23377.31208271568,99360.42023029864,23179.794740542122,,56096.17439266748,212282.44384856662,,93737.6804977674,194310.70709210922,58283.70615581714,136310.21915827808,36027.95442989501,183925.4195468535,77890.42111033636,28758.051366683303,99903.4224972527,303047.188992554,45239.81957722199,72623.70911383256,62756.67947393516,36681.10458972491,37353.65019925375,239386.30484457174,,65022.76292455389,10109.609468513634,79025.76311056812,3807.278001399536,54537.874949242454,19881.53112168928,185253.38898012694,130259.42852191677,250021.1866964259,57327.85230445473,55051.80110340263,91703.12777309917,198397.72557497962,62561.99478469766,72599.57013175637,82237.88334307219,40212.64109773659,37938.31127637032,33103.93937166047,82605.55526069437,119644.32359824172,40364.82995664852,72734.78570176459,79362.98081648962,177143.3402905448,145470.3298930502,48125.68513728987,109855.47906009003,234439.1877642325,10488.123086573754,25662.632792989258,25671.083599507576,79197.85847445288,65005.154824486584,80649.87514858786,103036.23720699886,68134.9799411775,,40743.09362733411,26733.924727139063,,58329.61109349327,43929.12180364551,19702.89495323587,24480.809213002678,,105434.66887525748,43189.47330587471,8543.264090888726,15753.547363915934,67054.25689741131,101832.91036815879,15771.493864545133,33616.06251627192,94816.02143161798,11371.81170977,52226.379778778864,86293.5718177,100849.3941879046,3623.8600034925767,79362.20940793474,294334.37561085273,36335.08520169393,238937.4666599663,18521.98800435527,,163547.75509782095,,,233426.717590224,141389.5686190864,115809.7504494398,239155.24710058863,80840.53919576968,39661.002353894524,36291.77358717006,15094.782245694985,71106.6782882217,18199.275466992985,35008.202745511655,72770.6663607725,215150.16807567654,147508.9812428473,50161.71359383501,19471.2548283753,39199.585503656985,27268.913360030412,18823.889572676984,101151.07999146206,42181.08877637517,35785.11269289577,11151.048692003673,64531.269637559075,67683.52806707844,165667.48855477694,69662.3279632824,177439.63092385838,36651.12194767166,114145.23960852489,,67081.54471737123,239947.60973464337,31172.01994739863,,302906.24280197656,46771.33508527989,35305.14728556271,13942.839781752555,25497.43123315683,5507.213411850127,32305.824172723806,33266.90033134365,43904.836242587015,67282.92979923857,,162663.99123951772,234648.23426109337,124709.1423871977,210823.3701227232,,284851.14478023,31554.134197157342,85444.70632675942,196596.86116845813,42812.66573728732,36532.19778083009,24445.878760685802,37852.96470964525,57279.37997493148,63827.86633931543,37084.90370089235,51303.71470008577,224150.46923036056,,52914.77873643374,52302.631732426584,28103.897177942206,32622.205572594656,17657.74761114645,58847.69424888794,146575.1392882084,5152.0988737909165,,28972.173927807784,141247.3664527132,37128.7417637107,138455.893978809,102721.98086061345,98484.06028340256,156681.48368452818,100300.85600607563,162394.65710861367,193240.3607492958,27076.384031338926,,8408.398401555314,69902.97477570293,48028.511041251244,130471.16945566237,36229.73011671347,29743.713428876363,68871.76223958225,60026.82541129411,3764.203840666112,205206.63259425006,9395.954509589312,221807.07342107064,95159.75200148378,22065.78252438415,52111.499589038176,38384.55987610342,96998.05451747507,147904.21208532364,76246.61698071018,68495.52835735347,116575.53884200356,58938.606838214444,68003.7016877583,244679.651550218,3193.932710789465,219091.9323025383,39736.73695604323,124472.48846276687,27335.41820707824,120928.69826460643,203785.31730255432,39176.41202159319,63090.30095543668,99568.47950843401,8589.861449118704,47350.99887281306,46693.9152960619,123747.22637379612,60374.1567628663,,13646.345620393657,,55555.57575965952,39563.169739593926,45312.895686164265,17919.518147215047,2546.6020852631914,47127.400565980206,59993.99843497784,10493.039050744846,242779.65040477458,2873.8711222242564,33284.6148637007,242321.90714759447,,19755.96104401641,59288.90597506432,15558.627367629088,,34916.868136280216,74393.9812394696,37007.85363324249,110588.85083969297,31807.64009185781,,19672.851459661382,73351.62129822676,84693.76341766515,57975.31252746961,15623.568190971564,19696.0651086085,,63832.94347940874,78597.71012227808,4152.621430520849,125288.12121562078,39600.90549078794,22114.00297094183,14991.827995485384,50528.65464585739,27674.57361945347,41373.00838761033,393675.78953142976,48893.861951929866,,116237.6047023036,308795.81086816126,54164.46602915204,,6239.603040475224,88476.41617783101,172659.77409669966,37526.65027582296,,51137.68104839942,84802.21254193231,203029.52296262188,294187.810214832,22230.095848614466,96671.65306855296,,13817.290648855502,77219.32453137706,109039.2990655564,20488.95991123229,100425.11390219838,75504.74431345199,51886.547086003375,69902.06472594039,,26596.57909103187,31277.937104073797,12506.73265644606,85366.5903405007,23944.813399906852,171647.74963161815,48313.58512952551,53269.82321061101,109709.50021752983,59515.41226025062,152612.55714058178,73146.91961663251,48563.98151130852,41016.671781057375,48731.21091191465,87949.3171520095,320880.59492670884,96842.90652322714,22536.515970030392,101346.38508971895,11281.734426238307,,129422.17105067243,19663.763504545586,,23899.715349800885,19868.96444340326,4896.288981715097,26376.480080633424,63943.67428499111,48784.61023841328,367655.4199544342,54845.696230061585,24866.466611828888,65113.265035706805,28282.989824214485,49762.38916978391,41110.54861694446,48312.07503733435,55535.55300324482,15538.759674002416,31194.92484092363,85390.12669426005,22762.960891436378,44223.72965120577,38850.5952021766,194888.02175237995,33498.27904632857,,52896.19577216786,91086.2102072584,160923.3791558142,110424.6080355146,13166.755343289347,53606.99371672439,116634.69794621435,354935.5632365411,20158.37746495938,5217.657196777538,33437.212005751564,147296.7908909705,,131911.79920317075,34958.54821662739,213876.67938199663,15330.246403611705,5561.999485251691,44042.571845292114,27013.281511579,16435.368386716815,26861.05749410554,67308.77300072122,154448.90264806562,77039.3634870642,35651.31647549469,36611.750795911765,43211.501451932454,130241.93541254687,348391.8635956887,25805.987034594196,124530.77921484534,12717.131411124836,62314.645714433645,204123.99530877004,76452.0946367085,35664.60309222254,245307.02172074933,48000.315719704726,1688.5631066650503,28619.737172378344,128027.08957670571,36365.40388445741,62984.88969061244,21005.825224240776,88704.11112056533,48749.57436637883,131211.4405597221,183326.52930172498,134683.7966739201,262365.88368407264,,124259.63893723767,20124.323494453027,190186.6396399513,20437.280438500922,52277.38405293455,39553.91935985838,43407.978136655234,,135141.32912755932,15841.86579583456,46164.215615382884,40182.94243224693,,31433.99923469394,42259.19702839857,38148.72258334013,47428.26442296617,13956.731812181617,40034.940711634816,89280.16034812639,64858.9458132938,71993.65863857661,85128.45307420264,
600,85633.96595008392,30394.90615978476,21204.50270353374,43518.84037728608,45444.5593562554,46508.08066097787,132334.86396446265,78506.68833411997,92802.3514408182,,45790.14512928879,49544.28812067414,119312.76034842015,64569.32482311531,139598.88785312584,33819.58829935215,11409.151335851173,17899.918522724765,68890.34330439381,89642.65637696302,30182.128690924495,149022.5174977664,41407.297670572065,35231.40896367331,,121152.81830837892,63463.353759473604,58076.90886059558,42714.45853599719,51947.27046910137,11385.299115160942,,23062.936764967628,16399.416750520264,,58205.36800981939,24525.986881255056,19631.583303621504,89679.04595546435,19549.817458210524,,46006.37115130038,185799.36983498692,,72805.31155023898,165896.59724892947,45986.80972704105,116006.54350863188,26694.057108954323,160466.1179399078,62097.9162690081,25399.61576678221,79332.58274660201,251816.5537658136,35912.080397577956,56649.36841062084,49997.595780886244,29229.71058927069,34232.24879506312,210980.92865882406,,,8270.833668736741,64442.35899641589,2829.916089461971,42165.85572436638,17111.576226487112,155557.84536041692,116467.77539964544,215707.18023374362,47098.18980696873,40902.7071267548,70787.21223030711,173170.45180167328,48099.99470644281,60108.6667875991,71429.16705952889,33608.78441151227,29887.225219920932,26609.790549444268,66084.12786434699,106870.37200530192,31661.531656688312,57631.4044447595,73215.35885434288,143912.22449522116,118443.22372466799,37971.80704613571,93614.96546281692,206332.2210735705,12017.744032465796,18485.70472630835,21497.87192799989,67115.28417217973,52338.62166529393,64437.21235001588,88312.10110140678,56714.42603289199,,30919.746335135773,21766.779018514906,,48097.095379789964,34181.449562859256,18070.846093535598,23829.312231698306,,83155.13709814288,35201.825552786264,6976.85287653844,12608.495722511436,53822.4734957437,83772.5245062979,14027.016478370642,25860.506719096127,85779.71529553474,12033.696952933937,42422.08359603298,72273.9471192921,82345.82834525532,3084.9500201453047,64609.86126039224,256644.23895107058,29584.27310473635,198432.2271442546,15872.55713804097,,142216.4909972367,,,206314.28839176032,120675.66633020435,102467.26426674443,206429.4740470472,54335.80593104918,30094.049890969647,29022.221945914265,11538.565692344795,59882.5441644411,15143.992089406122,28548.384047515014,58925.34015300026,185913.12062144838,120352.51329717577,42489.1387360245,15299.78969858936,32750.91794634187,24106.991880616646,15758.293545093718,85670.57541161485,34562.73857936292,27343.073371002065,11901.202128384806,51634.25956014916,55054.92730364883,147704.6404173899,56874.246656021394,147065.72141540144,28273.67566478551,98543.23484845867,,54208.53440823796,210130.4245892194,26949.3352951369,,259604.574055613,37651.5926385154,26292.13805735309,12795.617639428237,24022.64583660413,4664.383078678278,26475.031234186143,25854.945789422974,33909.74361126243,59327.633037638036,,137812.15315495234,201779.8439860648,101009.25436070666,180343.518955431,,243410.50272951613,24742.22460606764,68493.96481137606,151632.56555790035,35130.66519817731,29058.345101054525,19276.238685575583,30461.91590813466,51138.60340774059,51832.25656205867,27420.457767336397,40123.31699934376,196696.9083587639,,42326.80845600949,41037.037288692896,23466.15870339441,25806.534101797268,15122.2220699335,48510.72164322017,124603.81068032456,5772.609440350919,,23594.578645319765,121862.43574013015,31742.192925800708,121363.44885915358,83624.81441675976,78762.69251739595,126523.04577654482,82407.65446704905,127589.92615502884,173379.43153725102,24732.094124044866,,6353.173552371096,48709.095731178764,36918.72307229112,104667.73349874327,31106.619972787536,23625.807165154023,57099.90226061496,46099.20388020652,4819.00381837299,171959.13662685087,7670.439866442989,193058.74832319177,81286.29318671406,22689.90176812184,41608.96537783132,31764.731088328877,79115.82074328794,124315.31686836155,66609.00764277123,55172.28452657362,96334.9707001329,45945.99220301863,55626.591846230505,216407.3891444262,,174206.52022029157,31657.485571932455,95879.29875469371,23477.90995311929,99769.3953937856,179652.09032254957,30659.38053448638,52952.78683528297,85245.24765524638,7081.808673794265,37295.031982873945,38616.75775775095,98802.00045389985,50581.345490954816,,14132.922425058676,,44028.352107142564,28314.622159652354,35373.1097201244,14354.5798091649,3850.9468733379977,38460.33336572794,47480.38574301591,9855.178916300414,207176.64977201296,2478.105236791511,26320.274242986692,196510.95950601847,,19597.251232838258,46206.7005744779,15478.069630905753,,28185.117479127366,58409.008832142456,27273.113464977512,93332.63158141951,24612.965661087692,,15628.093288491713,61676.20798538669,74260.62422571005,45062.39501209308,15103.299345010193,16595.583239498483,,47487.24799823901,70415.04603022174,5092.412681282183,106054.21509717754,33319.79413832974,17655.200809396803,14663.699978089136,40589.66734385473,25754.345391503302,34458.59534635041,320551.0244453442,38562.49049005305,,93524.33992033626,252530.3242967194,44232.277781282784,,4951.869832689874,70664.40423069196,145875.74424570682,28985.197493717074,,43051.58594741032,64808.8886630148,156914.6062995498,256231.95165108098,21419.357290690168,78099.85453931498,,10540.43735423754,60490.04297748348,89400.8888883319,17111.405465997173,83211.76334386319,64446.89274418147,42230.8383785902,54901.53265433102,,23682.384231522246,23525.192804494403,10937.295029534092,66974.06386259152,19584.52395877021,161359.4023406976,39919.47526745405,47634.73298996594,88144.89363605867,,129349.75185822323,59927.220891326026,39204.77632333123,31660.755908883177,40397.8992097554,75554.61232546227,279904.843441925,83089.64929438927,18175.877121710568,83090.19085378377,11688.070889850325,,109593.80149152988,16921.764815498907,,18357.8097869677,19518.8362313024,4342.083104881622,20777.646659729304,51133.27682734956,39315.89304200378,318575.6182398176,42930.77550104959,17840.933701988542,49000.55291337776,22237.50614471454,40494.84240164666,32932.277134262025,39017.90767173446,45820.35289149838,11902.727334038354,24556.801365409046,69603.68163657852,19520.153712386134,36125.08931994878,30809.94515791675,164923.5923898206,27843.618927272357,,44157.94875220489,,142687.72352695354,91518.66053143842,12826.205050753953,44758.023561982845,93020.30493501108,291480.3046853952,15416.689929019669,4365.5233822224545,26480.213492528565,130116.50194426347,,118862.97875308908,29161.906739030615,178761.62999476306,15506.545601127604,6708.091729608165,35963.56008273084,21428.890780333953,12775.875235092826,21498.198452668847,52409.26810222289,138299.14554334342,61171.25873321931,28619.952413616647,31418.188711607014,32332.39114650655,117832.20428619905,282361.27482206,25791.90121507039,99851.5975100086,11971.91113298689,50036.39634330377,180297.99172362318,54172.67315041716,27350.829864578936,202922.4180725522,38932.680187453516,2624.2240078111145,22671.949151923385,103954.99146797264,28705.386587281813,55800.442917000386,19480.836272353656,70860.3334729867,40541.50955236779,111535.6252285498,162271.19645069196,117139.18134631813,220656.3832328692,,98500.00078421133,18107.49297329669,167382.5403303802,16120.194714311452,39646.08920238216,30020.647217385937,37486.24029783154,,123583.46735513504,12881.251132002446,32349.490201438777,33498.47817350307,,26232.283930866994,36659.185065454745,28187.458617310273,34717.94392793998,10082.156338152163,34240.08712234249,69972.90737100044,46220.23442004528,60304.07564524794,69683.09831700451,
650,69680.40471565165,28311.895857411786,17519.34608253953,34729.4832596397,36154.06720005648,36961.40814249148,110300.13644616213,68668.56099723233,79068.58363707364,,37642.513167920406,41261.8154480303,98844.21994807672,54467.97437830386,122468.03719909255,26563.30265858455,9011.581775808125,17111.215330584673,54848.003736508545,71766.52987593366,,,34515.80462027551,29142.93747240591,,107314.26329904408,52126.02622437303,48093.490662310185,36260.04087899445,44043.10933970971,,,21024.616996137425,13318.384940399032,,46257.599258710216,19784.219811407616,16999.631367691094,80208.44921306781,17220.462668510907,,38215.44520694157,162867.64993595632,,57878.6582273437,140891.73790857737,38456.21581930772,99910.67722843564,21524.041116710614,139216.0113717937,48915.213011795524,22999.148874605293,62344.0042710976,209319.84995517728,30287.004081183113,45118.67504521599,40372.194094455335,25326.602754030144,31488.786322843982,183718.01038989425,,,,51814.47318199445,,34977.68661059672,15210.579629305916,131364.54006789066,102859.54181779819,186016.9942698333,39655.92255473073,33469.37043344765,55087.16053281772,151314.62407634314,39973.8726613496,52149.70535282756,62984.364639129075,27860.104261554574,24556.58865909798,23675.908306413796,52928.43980399719,95358.95254679797,25492.810720445123,48554.65824664682,67646.8671217012,117843.77563513885,95784.62241857489,30150.29188755818,79199.57916601526,183980.027580675,,16042.60884563881,,58257.16113333139,44612.560627168044,53924.34449183504,76212.00443985543,47859.41119776876,,25210.252241619863,17047.55834402016,,39888.478499780686,27617.90715500596,17474.77169718136,23230.986022542696,,66011.47973642964,31465.20721659236,5617.011923631944,11038.823121439918,44305.980090921745,68885.78415109524,,19719.405772976374,77988.01224863066,12958.910078744471,,56677.25689663962,66555.52228810906,2697.449203573109,52035.85202366044,223097.83715001467,26018.317035444546,166485.05941597375,14855.439646768122,,122112.296920075,,,182933.1775139475,108512.78398349043,91429.5719669374,177584.64484780235,,24172.071049922146,24727.713180150255,9230.489030575147,50944.58384655123,13415.35234168492,23817.394313939734,50059.64735199581,160087.9373764086,99962.13821897071,33121.72866960615,12182.648070321418,30056.78527841653,21329.2980676715,13472.565257921831,71610.78376675991,28148.008403525222,22614.79582456121,12679.523091068671,43323.06297161663,46067.36659962013,129839.60966274822,48552.522669527214,124656.32747386117,22995.575528307898,84315.8656455793,,46388.80086330371,184556.44042113607,25532.19866558892,,222628.73018910593,30578.66301540716,19714.111124214134,11945.11803561286,22864.08944461191,,23290.722561159055,20547.938473066002,26803.514501145608,54498.154447046225,,116500.487388615,172322.8280744267,80249.78933258774,151626.1505050392,,207345.4623677089,19880.193819313776,55471.010317985434,117033.86767018586,29414.31588804859,22753.833152229432,15871.349279706687,25149.709964268026,,40698.98888151866,19789.055484065786,32248.194168087804,173387.25050528167,,35951.57267087954,32415.8244864624,19817.262765986266,20745.532963699894,14215.688275854587,40303.039741832064,105268.29576391085,,,19562.153880121703,106452.49604576045,27651.33752576779,107628.01954135249,67367.04665914996,62529.097696867946,101862.55696942088,72439.68998798355,101408.85707133765,157226.830697186,22111.644742085577,,4592.468794092245,37711.18839842803,30189.033775901888,84910.23295320803,28297.875843225513,19709.241361250868,48899.04360698103,36623.25237764351,,143981.2929888195,,170370.99554111852,69565.45748749707,23127.83174637935,34050.72918471741,,65824.61883876404,104525.56399324862,58494.863472510944,45672.562894578536,79528.96068290388,,46623.33740880955,197242.68035544828,,138371.04030500283,26013.71389416419,72885.0462921937,18975.66806407424,81583.27637331198,159078.80697525066,24846.32763578929,46408.307000231085,72799.82860691735,6254.642923319072,31191.24509319456,31225.91885676122,79475.38662226358,,,14648.572871460417,,36657.83231097367,19732.358048928378,27970.040754331043,11762.39842267386,,31209.505021828285,39902.86155791543,,176042.3787758057,2464.3317718336475,21192.203994671814,160140.58526802942,,19466.28964348929,37010.039839685895,15467.647655822337,,23378.241291489918,48764.27475788107,21274.02737418234,78917.12144088172,19812.892407186995,,12939.098582090111,49373.92533995731,66289.81222973787,36703.14456965487,15000.850327290478,15016.513635566884,,37128.273386988556,62938.83518909686,,90658.03007124015,29581.962908565547,14738.387273990782,14602.919228695388,35238.59244060371,24136.001816794276,,256285.94898955524,32594.87556582572,,74375.37243533676,202829.845039031,40348.85251063341,,4108.427011862048,56331.556773096556,122692.54629273282,22927.545403047698,,38568.74213508773,51087.35764092745,121077.33322444698,222967.25567622398,19657.275796347905,63417.32997842715,,9011.940691131807,47787.46227643406,73785.54580777854,14814.723359806638,75096.29321039794,,33882.883632126075,44157.22229265213,,21401.56481442409,19745.886930496992,10272.556409270415,52503.59964543255,16668.77361132123,151973.0894195994,33244.19244325766,44097.002598293824,70105.56092908257,,110380.17477916414,48601.628709097626,32186.34698459209,25539.187888300512,,65494.039107898454,244198.79087782814,70093.12092166749,14642.013172177889,68076.40676875977,12216.413326429043,,,15919.181629617175,,14671.308771552518,17988.21519968437,3901.07877784644,,41138.7926537547,31974.434630091117,278249.95618727687,35311.677850455744,14396.068003061693,39897.64977711858,17825.7859320126,33418.624166483874,29241.538011314697,33579.94613912166,37930.13719750765,9669.388540235814,19590.75721462746,57434.884733767714,16859.480300878844,30285.073039514842,26924.095203214674,138872.1186408659,,,36514.79088394632,,125848.1852059614,80046.92871127371,12658.535672202706,39979.007269618625,72527.26221702667,247123.5994506711,12589.19589868927,4115.345885094153,20530.943315988672,113121.92968041287,,106104.61982752067,24561.96469522093,150523.92233158532,15870.123951221123,,32232.64128483087,16938.621945573308,10495.276996023254,18012.833323043888,42127.44375362148,122316.86272146268,48807.2153626673,23579.73009384242,30056.087053841038,25059.240304767663,105939.56148925108,236404.7394834105,25824.18294374141,79889.18811485558,,41483.67343437833,158940.5282084386,41934.47402800876,,169549.021043231,35333.585618646815,,18597.524318606505,82699.37948224018,25593.42477111121,49996.12311706517,18301.19152221689,56894.34749324038,35125.73831483594,94508.5902538371,143452.0290248937,100500.08476912654,188448.5917995302,,79133.83382638381,16621.908622442057,150931.10005401587,13648.750382863102,31091.18489243171,22826.81627223635,33592.50374109548,,112753.82762045827,,24719.715699661523,28064.390070157882,,21918.51474791592,32290.34256503737,21637.842519431375,26019.71163278818,7848.871606905783,30426.335789357545,55300.49602331936,36081.13611700386,50192.03065608425,56608.22113451222,
700,56888.91552288504,,15135.47886219481,,,,94610.03907412151,60826.15222565073,67937.21194439117,,32366.903729701477,34535.144819369656,82182.52219079481,47553.85555963771,106937.29714515862,21703.46232285176,7803.307807494188,,47501.1074762193,57512.965451250784,,,29828.878242383944,25466.46182596896,,94698.61655033885,42955.32850617712,,31446.677387293003,38488.44996833853,,,,10152.73011123747,,36397.14112322728,,15429.994698199444,71150.72009303365,17752.569900947063,,31879.88975877734,142660.19183185077,,46942.855972664176,119115.36941040942,34398.29690256831,87642.07930134563,19271.017060806007,120103.42842729253,39717.18006266294,,48497.404158876045,170098.3554561223,26234.750272068428,36299.00018784497,,23928.4715966254,,157452.05237031693,,,,41370.17568837439,,31395.800773234572,13952.18474959445,114136.67035862012,90218.91712195489,160225.20529799061,33860.27040519802,32856.31458083191,43498.51153543739,132451.46430950338,36025.544390412746,49208.31495163776,57123.92425331272,22928.844763912057,21373.12786754324,23603.74144834641,,85145.3039259665,21365.87998071767,44100.777780844204,62622.54732175658,99041.49536012718,78343.3806695743,24333.53186860541,67849.28810835199,165012.88933168977,,18485.708396315575,,52238.75081222625,40607.8057170331,47352.66715594486,66002.07680884826,41514.22905401641,,21262.839592307806,12741.671014446532,,,23029.53839494963,,,,53791.23035834427,30758.494716935442,4817.02031224026,10433.612957952415,,56473.70061167615,,16699.810970639664,71487.3965336974,,,42410.40734718106,53204.0852608273,2696.479457655776,41636.060848755355,193334.97016997292,,140344.22713548542,16391.23552979661,,103998.95335614264,,,163191.20216735185,99311.15739214653,81867.52339352568,152681.96103935002,,20126.81062099384,22197.167838015535,7850.698534443479,43743.52720439301,12562.335154041415,20356.216465679547,44830.20947067044,137619.84824626148,85781.90990093845,27806.226967707276,9876.707703077467,29902.447076194832,,11998.154579191802,58538.51122694102,22872.973232549295,20836.577551634105,,39183.271101598395,40486.76289583268,112550.4296311828,43663.750264509246,11277.038035577047,20055.56104955629,72438.68461271052,,42187.526346878905,162098.00087176193,25810.900772270805,,190203.45959318455,24912.277896187967,15686.41846921423,,21805.68177640902,,20251.701260203845,16849.96672922376,21624.462212304865,50556.857700047665,,98730.86423245748,146497.58336871487,62742.112441247795,125468.05927837608,,176664.5030148878,16286.348015635274,45338.33456339268,92934.52850489039,,,13975.746823699337,21385.782238983607,,33152.749323257594,,26259.14367367676,153098.11166106784,,33901.78668108347,26626.195835342747,16890.285222409773,16836.632257771445,15809.389189158082,34107.56080701912,88421.82251530167,,,16639.385097439517,94312.78689373689,24498.966787616926,96791.87676896824,53686.57097113645,49159.50233523175,83138.415662988,64359.48850538535,81921.522933526,142734.23854796652,,,,37040.69145160937,25515.250861810986,68281.83623424778,26898.674861906475,,43134.249083993534,30331.409171687807,,120087.25344413715,,151674.1738337919,60358.6847439984,,28440.60271135797,,,87799.1788072025,51813.395475914294,38706.071540435456,65637.6490906257,,40373.08601573645,181551.0824173959,,111498.50280755758,21103.22828552703,56105.44757960597,14080.553085257998,66190.86360993923,141249.37795311233,,42302.463982806374,62175.526154803985,5736.290650512907,27493.431252588107,,63977.2635387301,,,15220.236990913194,,32039.875466621015,14004.193775284919,,9924.604601156054,,25350.06999822118,35108.11661576538,,149633.19561427098,2750.4301415355003,17144.091064856155,131668.79793605435,,,31824.679014301742,,,19116.952640762553,45815.17659422499,18097.046419986415,66675.69541653531,16473.022074528908,,11102.586189823342,37955.82397442749,,31373.886440139428,,16028.665077963124,,31045.873465511948,56176.49004075653,,77909.61567709176,28620.384231794098,12886.595374105964,,32636.81697889279,,,206532.8078789413,29318.609281821926,,58763.01331441075,159714.7235998786,39432.95771216345,,3583.8556554701645,44978.314611612004,103203.55361195607,18984.742887674598,,35784.94161993964,41474.107977235406,95319.72415403603,193730.08351145894,,51361.05684725894,,,38259.369054467184,61375.42856954946,13681.9073890929,70247.86663083523,,26951.963371566784,36439.65067842835,,,18819.37325977366,10178.735336269085,42228.410335029475,14507.401034823968,140470.2134851718,,,55269.300266803824,,,39050.56855027808,27121.159013663593,21158.145608615712,,58023.108439273106,212485.88901651814,,11701.8006560317,55789.18758943593,12909.68383664246,,,17483.755316122064,,12017.305517725414,,3553.8447287158815,,33374.943722047145,26248.891691074834,243089.8148839971,31760.429863268975,,,14528.818707243889,27545.42192622996,28381.882245970657,31386.397508405847,31465.42478099679,8082.424615720054,15831.450720598223,47699.918759853696,14718.244810959979,25951.183529795828,26514.382314496674,117549.90450683166,,,,,110359.80053715437,68567.47038402967,,37910.540968920104,55428.15434438386,211624.34007372614,11025.355851542234,,,97309.08926469175,,93773.2363050365,20940.528620619996,125894.37855772395,16498.395889166364,,,13532.676154241373,9018.150329404045,15788.2046934776,,107239.37668498166,39298.558853485054,19825.323358594767,30709.13280905591,19972.622946551935,94928.94596393194,195848.38642155193,25503.883503298584,63093.316047723674,,34657.674614756004,140034.11061149248,39121.27119604335,,142443.99270411814,34949.87824245787,,15564.508704805514,64632.43186190445,24822.65765585839,,,45988.1983248468,31957.661538985907,80010.2205991761,126180.15750108665,85178.93289284469,154841.20472125802,,64617.596180739114,,137279.00114955148,12447.670957557391,25095.767803012,17445.773988536384,31188.102857400256,,102590.0185391652,,20862.991054995917,23642.102167079254,,18427.74849916034,,17595.058801411767,21161.382780001033,6738.634562842014,28145.794130387018,44598.35645517914,34977.803355117096,41719.20491907429,45560.425526884384,
750,,,14119.280611765687,,,,84638.10091086035,55151.63534609252,59961.58923429022,,28975.48088466149,29060.506544431653,68524.47699064859,,93414.13127977513,,7147.599150803522,,46725.13424172788,,,,,23946.025086734837,,84358.78676936952,35531.6105246424,,27578.399523479926,34755.25928216134,,,,7636.196423000423,,28548.791130236936,,,62803.786436654365,,,,124480.64456593434,,38712.64278344798,100337.01807150259,,,,103192.98475150448,,,37352.157400021795,,22681.650985779474,,,,,132758.4792630619,,,,33197.482344872544,,29011.52677556919,13202.44655970822,102616.92690162826,79241.02796259784,137852.0522666535,,36246.295932147186,,116073.51944385043,,49718.87319072266,53211.70845749615,18797.639959276406,20238.714776905435,,,75641.98131889818,,,58347.955431074006,86908.71322442731,66104.33140315396,20188.977654318325,59730.41285435378,145931.76040402593,,,,48209.81656770926,39125.6209778419,43019.715632130275,57284.051091015426,,,,9379.398497780436,,,,,,,,31800.48551445079,,10149.84042639246,,46305.365370221814,,,66406.34649343153,,,31704.81757037665,42080.772542968945,,33390.98455664457,167611.31748966937,,118077.31829649399,,,88424.57763988359,,,146780.48236485803,,73157.46507288463,131881.69118552248,,17395.897753651487,20207.74048821366,7259.222529213501,37947.65651131281,,17888.05892054249,41835.405800858105,118407.03805433633,76634.39563443074,,,31055.842183216446,,11251.10239309679,46456.379260293674,18693.776666458725,22672.78469927662,,,37411.30746657595,96618.03708410944,40963.29463041965,7700.900748711545,19406.787232841703,63111.53681608188,,40479.71269349492,141661.09934420334,26801.197692516318,,161256.6485366461,,14173.199400745332,,,,16598.1099709057,14407.524502627988,17813.172059244214,45953.14720447047,,84071.33577014353,124590.961484227,48810.20748900168,103007.67155218609,,151488.00967916904,,37333.55759629607,78473.98458401114,,,,,,,,,134748.03836540674,,35239.130083487864,,14441.656097745828,,,,74104.7627652226,,,14552.517144540827,85054.89807029231,22067.439737706398,88596.09714388257,42489.18677295322,38410.08935160609,,,67569.50627487652,127579.59577998177,,,,41976.535117517225,,,26046.63180956745,,38824.67587453897,26490.498196289525,,99954.49079181282,,134092.63877167378,,,,,,73694.6071470913,46354.84818924189,33495.737288767734,54131.34732663247,,36040.28473622286,,,92946.50141778891,17048.456258072518,,9853.604644085804,53487.389887227255,125230.24742192814,,39510.54423146344,53319.782516133855,,25231.557948504505,,,,,16043.122431099579,,28539.033842162695,,,8694.796770334577,,20841.770621734468,31220.344143552094,,128191.3294963421,3160.886871582159,,109703.35843634055,,,29844.196442416753,,,,47318.99408704834,16750.513740550043,56326.80445396417,,,,29177.545161800885,,28130.457613198596,,,,27165.046765815467,50242.48917022854,,67032.57822407805,,,,,,,114190.63633973803,27345.112904537444,,46916.30669604725,123928.11126823397,38690.48794819205,,,36122.87280721648,87638.6450212571,,,33042.64277218864,,78840.28664948372,168163.20581453387,,,,,,51325.596890094166,,,,21738.038208257403,,,,21015.89540385711,41924.18803899875,,12744.139635782922,125857.14818567398,,,43344.653892995906,,,31179.381965989945,23631.321481239283,18139.744037775323,,52826.58614211738,183711.90169835254,,,45889.830921423716,13736.269560981658,,,,,10694.814104904886,,3284.653497181778,,27441.53910239716,21765.531705054218,210048.58345340518,31692.455964061315,,,,,28339.108408202417,31681.74203107145,26148.16416381142,6899.6899750248995,,39597.90318520763,13022.866999016347,22590.04921333854,,100869.50072399084,,,,,96374.36538782966,,,37035.79802664975,41870.6064393546,,10468.802291936485,,,83707.22270707646,,82236.15357718387,18086.48057713249,103546.3876540109,17359.652345115883,,,,8046.094492274802,14858.770864493097,,93767.71180346134,32039.02372044679,16959.921130310133,31691.894020913693,16246.734872285935,85149.18307295622,,24237.74673990283,,,28950.188914374732,123641.85433686973,41740.631966121495,,119629.62857935857,35557.83856187493,,,50025.17401364818,23561.328859065106,,,37573.374259251636,30488.21198519395,67665.67366664195,110124.03311279492,71769.52276120333,,,,,,,20745.273347777125,,29792.531843803416,,93039.59998329615,,18322.253895187518,20055.357088533347,,15684.606997102761,,14951.167735608877,18374.12228277279,,26952.66796998243,,39599.88616230781,34936.87656634869,36297.523636067985,
800,,,,,,,78574.48299176875,,,,,,,,,,6598.488670441206,,,,,,,,,78738.00434296197,29567.17278404502,,,,,,,,,22487.498495387685,,,55662.31131022364,,,,,,,,,,,,,,28432.543516203878,,20698.817844751757,,,,,111591.82906344451,,,,27126.493091271528,,25443.64378033392,12891.173881844923,91297.06827087188,70482.67691306456,,,36737.126067057485,,,,,50018.251338753296,15488.754325895046,,,,,,,55251.27718287853,79792.38626310905,,17373.884633941343,54634.80057030531,,,,,45044.29792516134,39008.240001885686,39543.85946297861,49838.790754845686,,,,,,,,,,,,33395.454314124654,,,,,,,62988.99214906409,,,,33150.218742579134,,27203.546210239758,,,,,,,,,,,65025.97952797345,115475.79537848278,,16861.088293697452,17876.225440365204,,33338.60591280332,,,39992.493587544595,102130.99616826326,71536.9134951016,,,32449.09020628457,,11176.217526479919,35883.2875554224,15607.489803353557,,,,35747.42638442005,82704.50808170193,39174.082270366955,,,56120.663388825975,,40742.19653698645,,27770.891539183096,,,,14697.93890391651,,,,14487.475015995675,,15019.61825411502,40107.01955687627,,71910.18078728272,,38630.59976695664,,,132126.0891425712,,30950.66158362874,71061.2444378878,,,,,,,,,,,,,12317.486426733183,,,,62307.565865867175,,,13040.24791642472,78908.82068740929,20226.39885423759,83166.42414907514,33598.73422128159,30627.943831568235,,,,,,,,41012.53163938387,,,25176.11015417293,,35087.350644672166,,,83466.07692976882,,,,,,,,61780.26496871025,,,44426.0832268236,,32848.99725531492,,,81209.06160821067,16552.376304682053,,,43276.249710268225,110126.51413063557,,36730.21758798815,46214.26099569979,,,,,,,,,25298.40074519161,,,8004.079916547207,,17629.26722881128,27175.81400033107,,111932.02975546557,65578.46234073189,,,,,28967.10692016338,,,,,16328.004653929675,47730.927036367946,,,,,,,,,,23795.49763837969,,,57684.58054610412,,,,,,,98835.05818401277,,,,96635.18012796715,36560.6979839718,,,29320.837470838684,76425.38752812578,,,29529.65511657356,,69589.68417276861,,,,,,,42923.766833305475,,,,,,,,,34321.96489977234,,,110545.32548002177,,,34097.87074065267,,,24937.039422381145,21368.311354407517,17667.204805720365,,49362.53008005888,157158.7432886921,,,38066.111811705225,,,,,,,,3079.828847118264,,23047.950873774127,18243.837876072434,,33964.37209054385,,,,,26678.070652630413,33477.6086322621,,6328.793787645642,,32797.152629864984,11689.167152685637,19823.858847204316,,87307.37143056164,,,,,84346.23886973455,,,36004.72457006917,31746.20722449373,,,,,73243.66299154743,,72219.04765269879,15810.07945838265,84982.00617141812,,,,,,,,82602.49930937076,26512.86176273821,,31907.455931831966,,,,,,,25955.673275826324,109965.09104424051,41279.23806555034,,100209.65965428599,35578.85333213466,,,38917.99061953311,,,,31146.37727546133,30177.068871153868,57034.06284305416,95506.998744082,61160.22264574718,,,,,,,17476.469638472838,,28959.641718239523,,,,15564.006244004238,17213.582451649447,,13612.173839599098,,12876.438050312456,,,26396.8338900386,,41224.731764314,,28675.5389914884,
850,,,,,,,,,,,,,,,,,6177.851037178771,,,,,,,,,,24828.426022087475,,,,,,,,,,,,50518.590478668004,,,,,,,,,,,,,,21192.993190310895,,,,,,,97943.94410104805,,,,22861.06210729279,,,,68887.49543721834,64313.081087500854,,,,,,,,,13083.32329248311,,,,,,,54053.84967101533,,,15530.05918713304,,,,,,41300.913432784626,39159.405444104224,,,,,,,,,,,,,,34578.70926866616,,,,,,,61709.64265826549,,,,26664.171089464508,,22836.90368639177,,,,,,,,,,,57694.6245920544,,,,,,,,,,88086.86612664047,69905.1555145577,,,33359.99301150798,,11788.45283040622,27934.876943775103,13672.970121151302,,,,33919.12198213061,,,,,,,,,28366.41113236273,,,,16054.025991984643,,,,,,,33692.61499604734,,61639.09992177868,,32072.27887989953,,,119156.3860468812,,25921.22459690529,65638.7850912069,,,,,,,,,,,,,10519.895095040076,,,,,,,11904.42202151366,,,81199.12917139605,,,,,,,,,,,,,24272.533091278543,,,,,,,,,,,,,51350.28797606472,,,35839.146389205125,,30064.085899959915,,,73608.48897774424,,,,,,,,40904.92864755704,,,,,,,,,,,,,,15642.468312237557,,,101030.71496330295,59794.32708561088,,,,,,,,,,16171.666758957741,,,,,,,,,,,20381.197358478094,,,49977.84175612731,,,,,,,87086.20807365095,,,,79122.3430685415,33662.43592328322,,,24184.88255889737,,,,,,63626.40484302165,,,,,,,35657.31068528499,,,,,,,,,29226.60050664138,,,101731.3229170224,,,27379.86904763535,,,20334.853144858847,20032.69784092513,,,,,,,32004.098666259128,,,,,,,,2926.0931791786206,,19937.590020407806,15470.526587551123,,36671.77936712338,,,,,,35463.65040187177,,,,27521.43531684426,10622.65101976582,,,73371.56083369395,,,,,75138.14706053498,,,,24559.432052764227,,,,,66608.69820537849,,64933.48426172283,13957.262294951302,75418.05898566241,,,,,,,,74479.88229398779,22309.474070873064,,31305.057124500803,,,,,,,,99400.97534863709,,,84685.55438381014,34695.08753913327,,,30991.137748084962,,,,26084.293579685735,30505.872454020602,,83304.85982332239,54647.17218041085,,,,,,,14932.495838914134,,28253.837334289157,,,,12947.04023444443,15135.257279883575,,12140.891196028984,,11300.67962507694,,,26017.41158029466,,,,22645.709755741525,
900,,,,,,,,,,,,,,,,,6652.4813891211525,,,,,,,,,,,,,,,,,,,,,,48563.44987918215,,,,,,,,,,,,,,14983.33489608753,,,,,,,,,,,,,,,,60864.610758813025,,,,,,,,,11740.59375113601,,,,,,,,,,14278.604950176901,,,,,,,38564.908535397146,,,,,,,,,,,,,,34762.14818186182,,,,,,,,,,,23273.222728481225,,19852.25824788108,,,,,,,,,,,52024.67272241082,,,,,,,,,,,,,,33593.53622033699,,,24403.9923220193,13031.720359325729,,,,,,,,,,,,,28739.39267108473,,,,16015.312057750532,,,,,,,28921.768856475945,,,,28536.621571184834,,,113501.89897952054,,,,,,,,,,,,,,,,9273.33568053617,,,,,,,11060.724447342101,,,84146.87252434017,,,,,,,,,,,,,24126.69458439527,,,,,,,,,,,,,41140.281250634,,,27544.633503430756,,,,,65987.2175954564,,,,,,,,37532.13893671718,,,,,,,,,,,,,,14796.860667869245,,,95610.1220434301,,,,,,,,,,,16035.560036109426,,,,,,,,,,,18249.94523250824,,,44499.63700065855,,,,,,,,,,,72496.47379572503,33740.37634402863,,,20404.406668840675,,,,,,,,,,,,,,,,,,,,,,,,,,,,23153.198972321698,,,17465.189962323348,19393.866733490897,,,,,,,,,,,,,,,2808.914943391923,,,,,36947.05777846405,,,,,,35918.42008562386,,,,,9718.794737124626,,,,,,,,70126.9867252814,,,,19296.565937663778,,,,,64120.435668435355,,,12423.945559612766,,,,,,,,,70207.42070330406,,,31337.7256634293,,,,,,,,92600.09152023174,,,,34465.156377857085,,,25435.254965386586,,,,,30991.438612554106,,,54047.48249610175,,,,,,,,,27226.274395947577,,,,13691.16382199456,13971.278416482412,,11217.456593465657,,11394.576186010032,,,25336.336188832705,,,,18251.49197028554,
950,,,,,,,,,,,,,,,,,,,,,,,,,,,,,,,,,,,,,,,,,,,,,,,,,,,,,,,,,,,,,,,,,,,,,,,,,,,,,,,,,,,,,,,,,,,,,,,,,,,,,,,,,,,,,,,,,,,,,,,,,,,,,,,,,,,,,,,,,,,,,,,,,,,,,,,,,,,,,,,,,,,,,,,,,,,,,,,,,,,,,,,,,,,,,,,,,,,,,,,,,,,,,,,,,,,,,,,,,,,,,,,,,,,,,,,,,,,,,,,,,,,,,,,,,,,,,,,,,,,,,,,,,,,,,,,,,,,,,,,,,,,,,,,,,,,,,,,,,,,,,,,,,,,,,,,,,,,,,,,,,,,,,,,,,,,,,,,,,,,,,,,,,,,,,,,,,,,,,,,,,,,,,,,,,,,,,,,,,,,,,,,,,,,,,,,,,,,,,,,,,,,,,,,,,,,,,,,,,,,,,,,,,,,,,,,,,,,,,,,,,,,,,,,,,,,
1000,,,,,,,,,,,,,,,,,,,,,,,,,,,,,,,,,,,,,,,,,,,,,,,,,,,,,,,,,,,,,,,,,,,,,,,,,,,,,,,,,,,,,,,,,,,,,,,,,,,,,,,,,,,,,,,,,,,,,,,,,,,,,,,,,,,,,,,,,,,,,,,,,,,,,,,,,,,,,,,,,,,,,,,,,,,,,,,,,,,,,,,,,,,,,,,,,,,,,,,,,,,,,,,,,,,,,,,,,,,,,,,,,,,,,,,,,,,,,,,,,,,,,,,,,,,,,,,,,,,,,,,,,,,,,,,,,,,,,,,,,,,,,,,,,,,,,,,,,,,,,,,,,,,,,,,,,,,,,,,,,,,,,,,,,,,,,,,,,,,,,,,,,,,,,,,,,,,,,,,,,,,,,,,,,,,,,,,,,,,,,,,,,,,,,,,,,,,,,,,,,,,,,,,,,,,,,,,,,,,,,,,,,,,,,,,,,,,,,,,,,,,,,,,,,,,
1050,,,,,,,,,,,,,,,,,,,,,,,,,,,,,,,,,,,,,,,,,,,,,,,,,,,,,,,,,,,,,,,,,,,,,,,,,,,,,,,,,,,,,,,,,,,,,,,,,,,,,,,,,,,,,,,,,,,,,,,,,,,,,,,,,,,,,,,,,,,,,,,,,,,,,,,,,,,,,,,,,,,,,,,,,,,,,,,,,,,,,,,,,,,,,,,,,,,,,,,,,,,,,,,,,,,,,,,,,,,,,,,,,,,,,,,,,,,,,,,,,,,,,,,,,,,,,,,,,,,,,,,,,,,,,,,,,,,,,,,,,,,,,,,,,,,,,,,,,,,,,,,,,,,,,,,,,,,,,,,,,,,,,,,,,,,,,,,,,,,,,,,,,,,,,,,,,,,,,,,,,,,,,,,,,,,,,,,,,,,,,,,,,,,,,,,,,,,,,,,,,,,,,,,,,,,,,,,,,,,,,,,,,,,,,,,,,,,,,,,,,,,,,,,,,,,
1100,,,,,,,,,,,,,,,,,,,,,,,,,,,,,,,,,,,,,,,,,,,,,,,,,,,,,,,,,,,,,,,,,,,,,,,,,,,,,,,,,,,,,,,,,,,,,,,,,,,,,,,,,,,,,,,,,,,,,,,,,,,,,,,,,,,,,,,,,,,,,,,,,,,,,,,,,,,,,,,,,,,,,,,,,,,,,,,,,,,,,,,,,,,,,,,,,,,,,,,,,,,,,,,,,,,,,,,,,,,,,,,,,,,,,,,,,,,,,,,,,,,,,,,,,,,,,,,,,,,,,,,,,,,,,,,,,,,,,,,,,,,,,,,,,,,,,,,,,,,,,,,,,,,,,,,,,,,,,,,,,,,,,,,,,,,,,,,,,,,,,,,,,,,,,,,,,,,,,,,,,,,,,,,,,,,,,,,,,,,,,,,,,,,,,,,,,,,,,,,,,,,,,,,,,,,,,,,,,,,,,,,,,,,,,,,,,,,,,,,,,,,,,,,,,,,
1150,,,,,,,,,,,,,,,,,,,,,,,,,,,,,,,,,,,,,,,,,,,,,,,,,,,,,,,,,,,,,,,,,,,,,,,,,,,,,,,,,,,,,,,,,,,,,,,,,,,,,,,,,,,,,,,,,,,,,,,,,,,,,,,,,,,,,,,,,,,,,,,,,,,,,,,,,,,,,,,,,,,,,,,,,,,,,,,,,,,,,,,,,,,,,,,,,,,,,,,,,,,,,,,,,,,,,,,,,,,,,,,,,,,,,,,,,,,,,,,,,,,,,,,,,,,,,,,,,,,,,,,,,,,,,,,,,,,,,,,,,,,,,,,,,,,,,,,,,,,,,,,,,,,,,,,,,,,,,,,,,,,,,,,,,,,,,,,,,,,,,,,,,,,,,,,,,,,,,,,,,,,,,,,,,,,,,,,,,,,,,,,,,,,,,,,,,,,,,,,,,,,,,,,,,,,,,,,,,,,,,,,,,,,,,,,,,,,,,,,,,,,,,,,,,,,
1200,,,,,,,,,,,,,,,,,,,,,,,,,,,,,,,,,,,,,,,,,,,,,,,,,,,,,,,,,,,,,,,,,,,,,,,,,,,,,,,,,,,,,,,,,,,,,,,,,,,,,,,,,,,,,,,,,,,,,,,,,,,,,,,,,,,,,,,,,,,,,,,,,,,,,,,,,,,,,,,,,,,,,,,,,,,,,,,,,,,,,,,,,,,,,,,,,,,,,,,,,,,,,,,,,,,,,,,,,,,,,,,,,,,,,,,,,,,,,,,,,,,,,,,,,,,,,,,,,,,,,,,,,,,,,,,,,,,,,,,,,,,,,,,,,,,,,,,,,,,,,,,,,,,,,,,,,,,,,,,,,,,,,,,,,,,,,,,,,,,,,,,,,,,,,,,,,,,,,,,,,,,,,,,,,,,,,,,,,,,,,,,,,,,,,,,,,,,,,,,,,,,,,,,,,,,,,,,,,,,,,,,,,,,,,,,,,,,,,,,,,,,,,,,,,,,
