,Pb0.95Ba0.04Na0.01Se1,Pb0.97Ba0.03Te1.01Na0.02,Pb1Cd0.01Te1.01Sb0.003,Pb0.7Mn0.3Te1Na0.04,Pb0.98Na0.02Te1ISW,K0.025Pb1Te0.7S0.3,Pb1Te1Na0.04,Pb1Te0.88S0.12,Pb1Hg0.03Te1.04Na0.02,Pb1S1Cl0.004,Pb1.00075Zn0.01Te1.01I0.0015,Pb0.92Te0.92Si0.08I0.0015,Pb0.97Ce0.03Te1,Pb0.94Sn0.1Se0.998Cl0.002,Pb1Se0.15Te0.85,Pb0.999La0.001Te1,Pb0.98Na0.02Te1LNSPS,Pb1Hg0.015Te1.025Na0.02,Pb1Se1Cl0.001,K0.015Pb1Te0.7S0.3,Na0.0125Pb0.9875Se1,Pb1Te1In0.0005,Sn0.98Bi0.02Hg0.03Te1.03,Pb0.99Na0.01Te1,Pb1Te0.5Se0.5I0.001,Pb1Te1Na0.001Cl0.001,Pb1.0015Zn0.02Te1.02I0.003,Na0.01Pb0.96Cd0.03Te1,In0.005Sn0.995Te0.9875I0.0125,Pb1Cd0.05Te1.05I0.0011,Sn1Te1,Pb0.92Te0.92Si0.08I0.00046,Pb1S0.992Cl0.008,Pb1.02Ca0.02S1,Pb1.002Te0.5Se0.5I0.004,Pb0.98Na0.02Te1FC,Na0.03Pb0.97Te0.85Se0.15,Pb1Te1.03Mg0.01Na0.02,Sn0.62Pb0.35Cd0.03Te1,Pb1Cd0.1Te1.1I0.0011,Pb1Se0.88S0.12Bi0.003,Pb1Te1I0.00018,Pb1.003Se1Cl0.006,Pb1Se0.7Te0.3,Sn0.8Mn0.2Te1,Pb0.3Sn0.7Te1,Pb0.9995La0.0005Te1,Pb0.97Ba0.02Na0.01Se1,In0.005Ag0.0075Sn0.9875Te1,Pb1Te0.75Se0.25,Pb1.04Se1,Pb0.76Mn0.24Te1Na0.04,Pb1.05Sr0.05S1,Pb1.004Se1Cl0.008,Na0.01Pb0.99Te0.85Se0.15,Pb1Cd0.03Te1.03I0.0011,Sn0.83Mn0.17Te1,Pb1Te1Na0.06,K0.01Pb1Te0.7S0.3,Sn1Ca0.03Te1,Pb1S0.97Te0.03,Pb1Te1In0.015,Pb1.0035Se0.92S0.08,Pb1Te1In0.14,Pb1S0.9987Cl0.0013,Pb0.98Na0.02Te1LN,Pb0.999In0.001Te0.8Se0.2,Pb0.9985La0.0015Te1,Bi0.0026Pb0.9974Te0.88S0.12,Pb1.0016Te0.75S0.15Se0.1Cl0.0032,Pb0.985Ce0.015Te1,Pb1Cd0.02Te1.035Na0.03SPS,Pb0.96Sb0.02Te0.2Se0.8,Pb1Te1Cl0.006,In0.01Ag0.015Sn0.975Te1,Pb0.92Te0.92Si0.08,Pb1Cd0.02Te1.035Na0.03,Pb0.92Te0.92Si0.08I0.00023,Pb1.0005Zn0.01Te1.01I0.001,Pb0.76Mn0.18Te1Na0.04,Sn1.02Mg0.01Te1,Sn1Mn0.03Te1,Pb1.005Se1,Pb0.985Ga0.015Se1,Na0.012Pb0.958Cd0.03Te1,Sn0.96Ca0.07Te1,Pb1.00085Te0.75S0.15Se0.1Cl0.0017,Pb0.96Ca0.03Na0.01Se1,Pb0.98Na0.02Te0.86Se0.07S0.07H,Sn0.94Ca0.09Te1,Pb0.93Na0.02Mg0.05Te1,Pb1Te1Bi0.04,Pb1.01Sr0.01S1,Pb1S0.9973Cl0.0027,Na0.005Pb0.995Se1,Pb1Te1Cl0.01,Pb0.995In0.005Se1,Pb0.98Sr0.01Na0.01Se1,Sn0.98Bi0.02Cd0.02Te1.02,Pb1Te0.2Se0.8,Sn1.03Te1,Pb1S0.92Te0.08,Na0.07Pb0.93Te0.85Se0.15,Pb1S1Cl0.0008,Pb1Te1In0.005,Pb1Te1.02Na0.04,Pb1Te0.996I0.004,Sn0.81Mn0.19Te1,Pb0.92Na0.02Mg0.06Te1,Pb1S0.97Te0.03Cl0.00066,Pb1Te0.9993I0.0007,In0.005Pb0.995Te0.999I0.001,In0.005Sn0.995Te0.9925I0.0075,Pb0.96Sb0.02Te0.3Se0.7,Pb1Ca0.01Te1.02Na0.02,Sn0.93Mg0.1Te1,Pb1Cd0.01Te1.01Sb0.005,Pb1Te1Bi0.03,Na0.007Pb0.993Se1,Pb1.005Te0.5Se0.5I0.01,Na0.02Pb0.95Cd0.03Te1,Pb0.998Yb0.002Te0.996I0.004,Pb0.975Na0.025Cd0.01S1.01,Pb0.5Sn0.5Te1In0.005,Pb0.98Na0.02Te0.8Se0.1S0.1H,Pb1.005Sb0.02Te1,Pb0.32Mn0.04Sn0.64Te1,Pb1Hg0.02Te1.03Na0.02SPS,K0.005Pb1Te0.7S0.3,Pb0.995Al0.005Te1,Pb0.998Yb0.002Te0.994I0.006,Na0.001Pb0.999Se1,Pb0.99Al0.01Te1,In0.01Pb0.99Te0.999I0.001,Sn1Mn0.07Te1,Pb0.975Na0.025Zn0.01S1.01,Pb0.98Ga0.02Se1,Pb1Cd0.01Te1.01I0.004,In0.0025Ag0.0075Sn0.99Te1,Pb0.999In0.001Te0.99Se0.01,Pb1Te0.7Se0.3SS,Sn0.85Mn0.15Te1,Pb0.98Na0.02Te0.9Se0.05S0.05C,Pb1.001Te0.5Se0.5I0.002,Pb1.003Se0.84S0.16Cl0.006,Pb0.94Na0.02Mg0.04Te1,In0.005Sn0.995Te1,Pb1Te0.85Se0.15Na0.014,Pb1S1A,Sn0.13Pb0.84Cd0.03Te1,Pb1Te1,Pb0.98Na0.02Te1Air,Pb0.98Na0.02Te1,Sn0.995In0.005Te1,Pb1.00015Zn0.01Te1.01I0.0003,Pb1Te1.03Mg0.01Na0.04,Pb1Te0.5Se0.5I0.0006,Pb1.0039Te0.75S0.15Se0.1Cl0.0078,Pb0.98Na0.02Te0.76Se0.12S0.12H,Pb1.03Sr0.03S1,Sn0.93Mn0.07Te1,Na0.0025Pb0.9975Se1,"Na0.012Pb0.958Cd0.03Te1301.2853470437017, 7.162783823541802e8",Pb1.00075Zn0.02Te1.02I0.0015,Na0.0035Pb0.9965Se1,Pb0.998Yb0.002Te0.999I0.001,Al0.01Pb1Te1,Sn0.98Bi0.02Te1,In0.01Pb0.99Te0.994I0.006,Pb1.06Se1,Pb0.997Ga0.003Se1,In0.01Pb0.99Te0.996I0.004,Pb1Te0.9Se0.1Na0.014,Pb1S1B,Na0.05Pb0.95Te0.85Se0.15,Pb1.004Se0.88S0.12Cl0.008,Pb1Te0.9998I0.0002,Sb0.006Pb0.994Te0.88S0.12,Pb1.03Sb0.03Te1,In0.01Sn0.99Te0.99I0.01,Pb1Te0.99934I0.00066,Pb1Ca0.005Te1.015Na0.02,Sn0.98Bi0.02Hg0.02Te1.02,Al0.02Pb1Te1,Pb1Te0.9834I0.0166,Pb0.98Na0.02Te0.96S0.04,Pb1.02Se1,Bi0.00088Pb0.99912Te0.88S0.12,Pb1.00025Zn0.01Te1.01I0.0005,In0.015Pb0.985Te0.998I0.002,In0.01Ag0.005Sn0.985Te1,Pb0.98Ba0.01Na0.01Se1,Pb0.975Na0.025S1,Pb1.02Cr0.009Te1I0.06,Pb0.95Ca0.04Na0.01Se1,Pb1Te0.99I0.01,Sn0.74Pb0.23Cd0.03Te1,Pb1.005Sb0.01Te1,Sn1Mn0.05Te1,Pb0.64Mn0.36Te1Na0.04,Pb1Te1In0.0025,Pb1S1,Pb1Se0.5Te0.5,Pb0.88Mn0.12Te1Na0.04,Pb0.95Sr0.04Na0.01Se1,In0.005Pb0.995Te0.994I0.006,Pb0.99825La0.00175Te1,Pb0.97Sr0.02Na0.01Se1,Al0.03Pb1Te1,Pb1Cd0.01Te1.01Sb0.02,Pb1S0.84Te0.16Cl0.00066,Pb1Te1In0.18,Pb0.975Na0.025Zn0.04S1.04,Pb0.99Na0.01Se1,Pb1S1Cl0.002,Sn0.98Bi0.02Hg0.04Te1.04,Sn0.99Mn0.01Te1,Pb1Te0.9024I0.0976,Pb0.975Na0.025Ca0.03S1.03,Pb1Cd0.01Te1.01I0.0009,Pb0.998Yb0.002Te0.9994I0.0006,Pb1Te0.85S0.15Na0.06,Pb1.02S1Cl0.04,In0.0025Sn0.9975Te0.995I0.005,Sn0.94Bi0.06Te1,Sn0.98Bi0.02Hg0.005Te1.005,In0.01Sn0.99Te0.995I0.005,Pb1.02Sr0.01S1Cl0.022,Pb1Cr0.009Te1I0.02,Pb0.97Na0.02Mg0.01Te1,Sb0.004Pb0.996Te0.88S0.12,Pb1Ba0.03Te1.04Na0.02,Pb0.5Sn0.5Te1In0.00025,Pb1Ca0.05Te1.06Na0.02,Pb1Hg0.01Te1.02Na0.02,Pb1Cd0.01Te1.01I0.0016,Sn0.81Pb0.16Cd0.03Te1,Pb0.98Na0.02S1,Pb0.9Sn0.1Te1,Pb1Cd0.01Te1.01I0.002,Pb1.0005Zn0.02Te1.02I0.001,Pb0.98Na0.02Te0.96Se0.02S0.02C,Pb0.98Na0.02Te1CWSPS,In0.005Pb0.995Te0.998I0.002,Sn0.26Pb0.71Cd0.03Te1,Sn0.91Mn0.09Te1,Pb0.9975La0.0025Te1,Pb1Te0.7Se0.3SD,In0.01Sn0.99Te1,Pb1S0.84Te0.16Cl0.00134,Pb0.5Sn0.5Te1In0.0025,Pb1.00015Zn0.02Te1.02I0.0003,In0.005Ag0.0125Sn0.9825Te1,Pb0.998Yb0.002Te0.993I0.007,Pb1.003Se0.88S0.12Cl0.006,Pb1Cd0.01Te1.01I0.0011,Pb1Te1.05Mg0.03Na0.04,In0.015Pb0.985Te0.994I0.006,Pb1S1Cl0.001,Pb0.98Na0.02Te0.7S0.3,Pb1.002Se1Cl0.004,Pb1.003Se0.92S0.08,Pb0.99Na0.01Te0.88S0.12,Pb1Te0.65S0.35Na0.06,Pb1Te0.998I0.002,Pb0.958Sn0.042Te0.84S0.16,Pb0.98Na0.02Te0.96Se0.02S0.02H,Pb0.998Yb0.002Te0.995I0.005,Pb0.999In0.001Te0.95Se0.05,Pb0.999In0.001Te0.7Se0.3,Pb1.008S1Cl0.016,Sn1.01Mg0.02Te1,Pb0.998Yb0.002Te0.9996I0.0004,Pb0.9Na0.02Mg0.08Te1,Pb0.975Na0.025Sr0.03S1.03,Pb1Se0.8Te0.2,Pb1.04Sr0.04S1,Na0.008Pb0.962Cd0.03Te1,Pb1Te0.9945I0.0055,In0.01Sn0.99Te0.985I0.015,Pb0.96Ba0.03Na0.01Se1,Sn0.94Mg0.09Te1,Sn0.89Mn0.11Te1,Pb0.4Sn0.6Te1,Pb0.96Na0.02Mg0.02Te1,Pb0.4Mn0.04Sn0.56Te1,Pb1Te1Na0.003Cl0.003,Pb0.998Yb0.002Te0.9992I0.0008,Pb0.5Sn0.5Te1In0.00015,Pb1Te1.02Na0.02,Pb1Te0.8S0.2Na0.06,K0.03Pb1Te0.7S0.3,Pb0.5Sn0.5Te1,Sn0.98Mg0.05Te1,Pb0.98Na0.02Te0.88S0.12,Pb1Te1.04Mg0.02Na0.04,Pb1S0.97Te0.03Cl0.00134,Pb0.995Ce0.005Te1,Sn0.96Bi0.04Te1,Sn0.92Bi0.08Te1,Pb1Hg0.02Te1.03Na0.02,Pb0.98Na0.02Te0.8Se0.1S0.1C,Sn0.87Pb0.10Cd0.03Te1,Pb1Te1.03Mg0.02Na0.02,Pb0.94Mn0.06Te1Na0.04,Na0.02Pb0.98Te0.85Se0.15,Pb1Te0.75S0.25Na0.06,Pb0.82Mn0.24Te1Na0.04,In0.0025Ag0.0025Sn0.995Te1,Pb0.24Mn0.04Sn0.72Te1,Sn0.38Pb0.59Cd0.03Te1,Pb1Te1.02Mg0.01Na0.02,K0.02Pb1Te0.7S0.3,Pb1S0.9968Cl0.0032,Pb1Te1.04Mg0.03Na0.02,Pb1Cd0.07Te1.07I0.0011,Pb1.02Sr0.02S1,Pb1Cd0.01Te1.01I0.0006,Pb1.0005Te0.75S0.15Se0.1Cl0.001,Pb0.985Na0.015Te1,Pb1Cd0.03Te1.045Na0.03,Sn1Mg0.03Te1,Pb1Te0.99788I0.00212,Pb0.975Na0.025Cd0.03S1.03,In0.01Pb0.99Te0.998I0.002,Pb0.96Bi0.02Te0.4Se0.6,Pb1Te1Bi0.06,Pb0.9975Al0.0025Te1,Sn0.49Pb0.48Cd0.03Te1,Pb0.975Na0.025Cd0.02S1.02,Sn0.98Bi0.02Hg0.01Te1.01,Pb0.99Sn0.05Se0.998Cl0.002,Pb1Te0.7S0.3Na0.06,Pb0.16Mn0.04Sn0.80Te1,Pb1S0.84Te0.16Cl0.002,Pb1S0.92Te0.08Cl0.002,Pb1Te0.9988I0.0012,Pb0.995Na0.005Te1,Pb1.00025Zn0.02Te1.02I0.0005,Pb1Te0.9S0.1Na0.06,Pb1.001Te1I0.002,Pb0.98Na0.02Te1CW,Pb1.01S1Cl0.02,Pb1Ca0.02Te1.03Na0.02,Pb1Cd0.05Te1.05I0.0002,Pb0.98Na0.02Te0.9Se0.05S0.05H,Pb1.003Se0.92S0.08Cl0.006,Pb0.954Sn0.046Te0.92S0.08,Pb1Te0.95Se0.05Na0.014,In0.015Pb0.985Te0.996I0.004,Pb0.5Sn0.5Te1In0.0005,Pb1Te1I0.0006,Pb0.995Na0.005Te0.88S0.12,Pb0.96Bi0.02Te0.3Se0.7,Pb0.995Ga0.005Se1,Pb1Cd0.05Te1.05I0.0006,Pb0.99La0.01Te1,Pb1Cd0.01Te1.01Sb0.01,Pb0.98Na0.02Te0.86Se0.07S0.07C,Pb1Cd0.01Te1.025Na0.03,Sn0.97Mn0.03Te1,Pb1S0.97Te0.03Cl0.002,Pb0.99Ce0.01Te1,Pb1.001Se1Cl0.002,Pb0.999In0.001Te0.9Se0.1,Sn0.96Mg0.07Te1,Pb1Ca0.03Te1.04Na0.02,Pb1.045Cr0.009Te1I0.11,Pb1Te0.99894I0.00106,Pb0.98Ca0.01Na0.01Se1,In0.015Pb0.985Te0.999I0.001,In0.0025Sn0.9975Te1,Sb0.002Pb0.998Te0.88S0.12,Pb0.952Sn0.048Te0.96S0.04,Sb0.008Pb0.992Te0.88S0.12,Bi0.0044Pb0.9956Te0.88S0.12,Pb1Te0.9972I0.0028,Sn0.87Mn0.13Te1,Sn0.95Mg0.08Te1,Pb0.97Ca0.02Na0.01Se1,In0.005Ag0.0025Sn0.9925Te1,Pb0.998Yb0.002Te0.998I0.002,Pb1Cd0.05Te1.05I0.0016,Pb1.0015Zn0.01Te1.01I0.003,Pb1Te0.5Se0.5I0.0002,Pb1S0.92Te0.08Cl0.00066,Pb1Te0.9996I0.0004,Sn0.95Mn0.05Te1,Pb0.999In0.001Te0.75Se0.25,Pb0.92Te0.92Si0.08I0.00086,Pb0.89Sn0.15Se0.998Cl0.002,Al0.04Pb1Te1,Pb1.05S1Cl0.1,Sn1Mn0.01Te1,Pb0.96Sr0.03Na0.01Se1,Pb1Te1In0.1,Pb1.08Se1,Pb0.99875Al0.00125Te1,Sn0.99In0.01Te1,Pb0.98Ba0.02Te1.01Na0.02,Pb1.02Sb0.03Te1,Pb0.96Bi0.02Te0.2Se0.8,Pb1Te1I0.00106,Pb0.98Na0.02Te0.84S0.16,Pb1.01Sb0.02Te1,Sn0.98Ca0.05Te1,Pb0.997In0.003Se1,Pb0.975Na0.025Zn0.03S1.03,Pb1S0.9978Cl0.0022,In0.005Pb0.995Te0.996I0.004,Pb1S0.84Te0.16,Pb0.98Na0.02Te0.92S0.08,Pb0.975Na0.025Zn0.02S1.02,Pb0.975Na0.025Cd0.04S1.04,In0.0025Ag0.0125Sn0.985Te1,Pb1.03Ca0.03S1,Pb0.98Na0.02Te0.76Se0.12S0.12C,Pb1Te1In0.06,Pb1S0.92Te0.08Cl0.00134,In0.005Sn0.995Te0.9975I0.0025,Pb1Te0.9Se0.1,Pb1.05Ca0.05S1,Pb1Se1,Pb1Cd0.05Te1.065Na0.03,Pb1.03Sn0.01Se0.998Cl0.002,In0.0025Sn0.9975Te0.985I0.015,Pb1Cd0.01Te1.01Sb0.04,Pb1.04Se0.998Cl0.002,Pb0.993In0.007Se1,Pb0.96Sb0.02Te0.4Se0.6,Pb1.02Ca0.01S1Cl0.022,Pb0.985Na0.015Te0.88S0.12,Pb0.95Ce0.05Te1,Pb1.01Ca0.01S1,Pb0.75Sn0.25Te1,Pb0.99Ba0.01Te1.01Na0.02,Na0.025Pb0.975Se1,Pb1Te0.5Se0.5,Pb1Te1.01Na0.02,Sn0.19Pb0.78Cd0.03Te1,Pb1.09Cr0.009Te1I0.2,Sn0.9975In0.0025Te1,Pb0.993Ga0.007Se1,Pb0.82Mn0.18Te1Na0.04,Pb0.96Ba0.04Te1.01Na0.02,In0.0025Sn0.9975Te0.99I0.01,In0.01Ag0.01Sn0.98Te1,Pb1Ca0.06Te1.07Na0.02,Na0.015Pb0.955Cd0.03Te1,Pb1Cd0.01Te1.01Sb0.06,Pb1.04Ca0.04S1
0,,,,,,,,,,,,,,,,,,,,,,,,,,,,,,,,,,,,,,,,,,,,,,,,,,,,,,,,,,,,,,,,,,,,,,,,,,,,,,,,,,,,,,,,,,,,,,,,,,,,,,,,,,,,,,,,,,,,,,,,,,,,,,,,,,,,,,,,,,,,,,,,,,,,,,,,,,,,,,,,,,,,,,,,,,,,,,,,,,,,,,,,,,,,,,,,,,,,,,,,,,,,,,,,,,,,,,,,,,,,,,,,,,,,,,,,,,,,,,,,,,,,,,,,,,,,,,,,,,,,,,,,,,,,,,,,,,,,,,,,,,,,,,,,,,,,,,,,,,,,,,,,,,,,,,,,,,,,,,,,,,,,,,,,,,,,,,,,,,,,,,,,,,,,,,,,,,,,,,,,,,,,,,,,,,,,,,,,,,,,,,,,,,,,,,,,,,,,,,,,,,,,,,,,,,,,,,,,,,,,,,,,,,,,,,,,,,,,,,,,,,,,,,,,,,,
50,,,,,,,,,,,,,,,,,,,,,,,,,,,,,,,,,,,,,,,,,,,,,,,,,,,,,,,,,,,,,,,,,,,,,,,,,,,,,,,,,,,,,,,,,,,,,,,,,,,,,,,,,,,,,,,,,,,,,,,,,,,,,,,,,,,,,,,,,,,,,,,,,,,,,,,,,,,,,,,,,,,,,,,,,,,,,,,,,,,,,,,,,,,,,,,,,,,,,,,,,,,,,,,,,,,,,,,,,,,,,,,,,,,,,,,,,,,,,,,,,,,,,,,,,,,,,,,,,,,,,,,,,,,,,,,,,,,,,,,,,,,,,,,,,,,,,,,,,,,,,,,,,,,,,,,,,,,,,,,,,,,,,,,,,,,,,,,,,,,,,,,,,,,,,,,,,,,,,,,,,,,,,,,,,,,,,,,,,,,,,,,,,,,,,,,,,,,,,,,,,,,,,,,,,,,,,,,,,,,,,,,,,,,,,,,,,,,,,,,,,,,,,,,,,,,
100,,,,,,,,,,,,,,,,,,,,,,,,,,,,,,,,,,,,,,,,,,,,,,,,,,,,,,,,,,,,,,,,,,,,,,,,,,,,,,,,,,,,,,,,,,,,,,,,,,,,,,,,,,,,,,,,,,,,,,,,,,,,,,,,,,,,,,,,,,,,,,,,,,,,,,,,,,,,,,,,,,,,,,,,,,,,,,,,,,,,,,,,,,,,,,,,,,,,,,,,,,,,,,,,,,,,,,,,,,,,,,,,,,,,,,,,,,,,,,,,,,,,,,,,,,,,,,,,,,,,,,,,,,,,,,,,,,,,,,,,,,,,,,,,,,,,,,,,,,,,,,,,,,,,,,,,,,,,,,,,,,,,,,,,,,,,,,,,,,,,,,,,,,,,,,,,,,,,,,,,,,,,,,,,,,,,,,,,,,,,,,,,,,,,,,,,,,,,,,,,,,,,,,,,,,,,,,,,,,,,,,,,,,,,,,,,,,,,,,,,,,,,,,,,,,,
150,,,,,,,,,,,,,,,,,,,,,,,,,,,,,,,,,,,,,,,,,,,,,,,,,,,,,,,,,,,,,,,,,,,,,,,,,,,,,,,,,,,,,,,,,,,,,,,,,,,,,,,,,,,,,,,,,,,,,,,,,,,,,,,,,,,,,,,,,,,,,,,,,,,,,,,,,,,,,,,,,,,,,,,,,,,,,,,,,,,,,,,,,,,,,,,,,,,,,,,,,,,,,,,,,,,,,,,,,,,,,,,,,,,,,,,,,,,,,,,,,,,,,,,,,,,,,,,,,,,,,,,,,,,,,,,,,,,,,,,,,,,,,,,,,,,,,,,,,,,,,,,,,,,,,,,,,,,,,,,,,,,,,,,,,,,,,,,,,,,,,,,,,,,,,,,,,,,,,,,,,,,,,,,,,,,,,,,,,,,,,,,,,,,,,,,,,,,,,,,,,,,,,,,,,,,,,,,,,,,,,,,,,,,,,,,,,,,,,,,,,,,,,,,,,,,
200,,,,,,,,,,,,,,,,,,,,,,,,,,,,,,,,,,,,,,,,,,,,,,,,,,,,,,,,,,,,,,,,,,,,,,,,,,,,,,,,,,,,,,,,,,,,,,,,,,,,,,,,,,,,,,,,,,,,,,,,,,,,,,,,,,,,,,,,,,,,,,,,,,,,,,,,,,,,,,,,,,,,,,,,,,,,,,,,,,,,,,,,,,,,,,,,,,,,,,,,,,,,,,,,,,,,,,,,,,,,,,,,,,,,,,,,,,,,,,,,,,,,,,,,,,,,,,,,,,,,,,,,,,,,,,,,,,,,,,,,,,,,,,,,,,,,,,,,,,,,,,,,,,,,,,,,,,,,,,,,,,,,,,,,,,,,,,,,,,,,,,,,,,,,,,,,,,,,,,,,,,,,,,,,,,,,,,,,,,,,,,,,,,,,,,,,,,,,,,,,,,,,,,,,,,,,,,,,,,,,,,,,,,,,,,,,,,,,,,,,,,,,,,,,,,,
250,,,,,,,,,,,,,,,,,,,,,,,,,,,,,,,,,,,,,,,,,,,,,,,,,,,,,,,,,,,,,,,,,,,,,,,,,,,,,,,,,,,,,,,,,,,,,,,,,,,,,,,,,,,,,,,,,,,,,,,,,,,,,,,,,,,,,,,,,,,,,,,,,,,,,,,,,,,,,,,,,,,,,,,,,,,,,,,,,,,,,,,,,,,,,,,,,,,,,,,,,,,,,,,,,,,,,,,,,,,,,,,,,,,,,,,,,,,,,,,,,,,,,,,,,,,,,,,,,,,,,,,,,,,,,,,,,,,,,,,,,,,,,,,,,,,,,,,,,,,,,,,,,,,,,,,,,,,,,,,,,,,,,,,,,,,,,,,,,,,,,,,,,,,,,,,,,,,,,,,,,,,,,,,,,,,,,,,,,,,,,,,,,,,,,,,,,,,,,,,,,,,,,,,,,,,,,,,,,,,,,,,,,,,,,,,,,,,,,,,,,,,,,,,,,,,
300,,0.0004107152443334587,,,,,,0.0019963627635982764,,0.0004520071466142401,,,,,,,,,,,,,,,0.0006831912136100005,,,0.00017228839010635107,,0.0007774370301344373,1.2336355645967002e-05,,,,0.00044045982854880577,,,,,,,,,,,,,,,0.00014193821762395074,,,,,,,,,,,,,,,,,,,0.0004751625670681764,,,,,,,,,,,,,,,,,,,6.843974885978869e-05,,,,,,0.0002560910152293212,,,,,,0.000137577183606956,2.778281734880675e-06,,,,,,,,,0.000858805882867685,,,,0.0002701134170447354,0.0002724094715044537,,,,,0.00015778600722572974,0.0003549029508403565,,,,,,,,,,0.0009271817021229611,,,,,,,,,,,,,0.00033458549720771563,,,,,,,0.00032111724363199603,,0.00024708882645105187,,,,0.0011256728462070906,,,,,,,,,,,4.214143306130331e-05,,,0.0007235492860573369,,,0.0008048939375456459,,,,,,,,,,,,,,0.0015869438718886736,0.0011562313761175995,,,,,,0.00014663378798028228,,,,,,,,,,,,,,,0.0003007615734711839,,,,6.148071352648825e-05,,0.00043015886720215474,,,,0.0007113485761059214,,,,,,0.00015567519702972603,,,,,,0.0004176272943552035,,,,0.0005098590572882573,,,,,,,,,,,,,,,,,,0.0008704494548505904,,0.0007328153880368883,,,,,0.0009297128838821838,,,,,,,,,,,1.291150782861627e-05,,,,,,0.00022043041445363995,,,,,,,,,,,,,,,,3.413135054061031e-05,,,,,,,,,,,,,,,,,,,,,,,,,,0.0002940392079805435,,,,,,,,,,,,,,,,,,0.00035910955198140344,,,,,,,,,,,,,,,,,,,0.00014529365747622261,0.00038090182728112767,,,,0.00039576901342403074,,,,,0.00021090153462318762,,,,,,,,,0.0002149013301386785,,,9.411845278582188e-05,,,,,,0.0009845860828365395,,,,,,,,,,,,,,,,,,,,,,,,,,,,,,,,,,,,0.00010935833007603373,,0.0001247893010061231,,,,,,,,,,,,,0.0004250957701305724,,0.0006701686211329773,,0.0009359552354576757,,0.00028634770844649396,,,0.0005287800023183785,,,,0.0003701305788068505,,
350,0.00012635917086973266,0.0007867761065498421,,0.0007892934430104241,0.000510268434764978,0.0008218746307897888,0.0004783861856813645,0.002567585282090182,0.00020466955510759153,0.0004916557657379113,0.0005181938243984327,,0.0008183697465285384,,,0.0008723329033305886,,0.00032386629187137263,0.0010331270348352814,0.0009866644957482354,4.64979484408131e-05,,0.0005040087682190913,0.00045251655125519983,0.0010763904178401986,0.0015726993715609301,0.0004606571599096583,0.00041406161442982166,0.000179017568549885,0.000928703747104616,7.621195934990833e-06,,,,0.0006691845779053224,,0.0005735592446526086,,0.0007989033312394094,0.0009591263870897126,0.0003190584106061192,,0.0004012840166228503,0.0010292477942431633,0.00019485379987115828,,0.001148103166085897,9.380778731821765e-05,0.00021940390533501544,0.00021816047979502965,,,,0.00027619184023330184,,0.0009111647474455721,0.00034071576096119955,0.00021123332493355228,0.0006669605274851748,0.00016599492388611153,0.0005794572074448945,,,0.0003958283773346758,0.0006531446989923923,0.0005927087993902997,0.00029247144007086694,0.0008336837386160793,0.0006229945617834089,0.00034248632617354133,0.0008176650897901011,0.00029192491203365036,0.0005622711897545213,0.0006166517806831839,0.00034522071477383764,,0.000267348254536615,,0.0010018583208506319,,,9.890856570891452e-05,0.0006280267434683149,9.654125899730911e-05,0.0004969766226208245,0.00014634876027252197,0.000609345781107158,0.00013693948663299528,0.0005843079450228115,0.00023983190274170954,0.0007458760865327909,,,0.00041152401424246113,0.00020923550492072998,0.00012464839696241993,,9.533365040306858e-05,,0.00020820835517548658,3.2261697466377244e-05,0.00038644182768052206,0.0004945845802068364,0.0003427354979629728,,,0.00021711336830345035,0.0002305378545952371,0.0008627443566581236,0.0009423054228273023,0.001208216994072151,,0.00022729313541922688,0.0004706017000055541,0.0005020424410412745,0.00010521935040929655,0.0011934417098447697,,0.00013471276921662176,0.0002128503728347054,0.0005285159890098145,,,,0.0003985712425591961,,,0.0003463635209303444,0.0008939309794369163,,0.0008526914293713844,,,,0.0001647405883129183,,,0.00024420773295770866,0.0001383441654364227,0.0001486538671269284,0.0017223246719580427,0.0002080268331595091,,0.00045930292375307596,0.0009508267301081925,0.0006977839260032522,0.0002976460329813844,,0.0005313344825510744,0.001126492657141083,4.279777480166114e-05,0.0006848888168824998,0.0005195394900234429,0.0003142958082572834,0.001623843736945589,0.00035259072716818646,0.0016005764039168707,0.00011331897856182986,0.00047974227915274905,,0.00020813655303221466,0.0004680171462739181,,0.0006368623128614543,0.00034859958545213783,,0.0006153812344240832,0.00015508875201622593,,,0.000897600280737285,,,0.000802495277330874,0.0005072127679545507,,,0.0006501943049625988,,0.0002233065837150716,,,0.0004115498139608221,0.000671749685653185,,0.00039204269147406746,0.0033950812133158254,0.0018262038656099006,0.001313450340490304,,0.00041720245598520357,8.471055891067815e-05,,,0.00018109690402308575,9.205728569484979e-05,,,0.00018358636538059916,0.0008321641257966805,,0.0002546224355184464,0.0014621393902422939,0.001085898716923319,0.00016243308679500694,,0.0006606622697422165,7.98159505967987e-05,0.0008829261525737275,0.0004071200656089801,0.0011305530912787479,,0.00019912010559051783,7.422605523686076e-05,0.00040101886432982045,0.0005158200178311343,9.810321568318979e-05,,0.00032548338118711567,0.001019348929938703,,0.0005312653074512752,7.940932489391038e-05,0.00017020220539635972,0.00035589239835562086,0.0002048808384991123,0.00027588816083682174,0.00040969711735939536,,0.0006431566549946143,0.0011722144542844494,0.0008003136617182232,,0.0005580774161244178,0.0003045881563016295,0.000717564747308427,0.0002021443227870095,0.0002682825542836311,,0.00034282922131416297,0.0010612787723990665,,0.00047520558209063115,,0.0016509605047489767,0.00029681990666647083,0.0005355949682211693,0.0015111234317749264,0.0002287925796294397,0.0006157949509103074,0.0005662186842386984,0.001525579698250517,0.0003004349601554118,0.0010044089340446073,0.0008093193487133429,0.0009208478951050958,,,0.0007949460972883386,,0.0011193343900190711,,0.00042459814473409866,0.00044417271324765815,0.000676321027028623,0.0014744020680964316,0.0004955630814083127,,0.00022781658472837893,0.00021059190233450748,0.00022389599578560667,2.1698326828711645e-05,,0.0011764515514185697,0.00030657663444795535,0.0010019334475688951,,0.0004626128835086592,0.0001491740384119538,0.0003441095757670141,0.00014465964562667446,0.0001022345550580487,0.00027136079419510096,,0.0006708226755440354,,0.0014283423570783885,,5.7684417388121006e-05,,0.0005647049087721112,0.0009005241899585724,0.00029334952874893785,4.698594909338657e-05,0.0005589011375796954,0.0005111701226784999,0.0005680689660052589,,0.0001985153080320286,0.0005309747819851008,0.00035372220139700525,,0.0001247545214226011,,0.0011830979437888493,0.0004912034831139888,0.0004947454854178781,,,,,,0.0008373573564000109,0.00031617539590786414,0.0009251261755725158,0.0010079421981809254,,,0.0009557504952443949,0.000467297338770239,0.0006895948242575857,4.284203086094059e-05,,0.00013986383039367916,,0.000619480214955027,,,0.000989075034720339,0.0002508637644829987,0.0002870723861475921,,0.0004566431992724752,,0.0003962345952035197,0.0004674217804386399,0.0010014018052530817,0.0006533054163682848,0.001465223495492197,0.0005334798349667126,,0.0005299019502634059,0.00019496717656233002,0.00036187213359898274,,0.0004939236405602063,,0.0014329561788037045,,,0.00027152711096673475,,0.0008090632871788286,0.0005951345398915785,,,0.00017768432188746907,0.0005717796638085253,,0.0006049115263920087,0.0001342551399123517,0.0005019397988318964,,0.0008145915450196542,0.00026615269695361767,0.00011365657749398327,0.00031962895962537636,,,5.124367220329606e-05,,0.00017801619150681773,0.0017702801975168405,0.0014380418328827675,0.0005278722738567877,0.0003681963860314678,0.00047912377335953193,,0.00011829001354353148,9.321985287739696e-05,0.0002866334395850948,,,0.000397123992121094,0.001113363781428244,0.0008739121550655198,0.0017320024815873163,0.000163693140941517,0.00015186916747902417,,,0.000822979615084442,4.5208440693601686e-05,0.00014061756453201383,8.41647288335352e-05,0.0005340368664846499,,,0.0003043726575788819,0.000815211896807945,,0.0004896425552529131,,0.0003443715504162137,,0.0001986240450560559,,0.0002424323520496327,0.0005792447204827638,,0.0009190027921264398,0.0004562114481161714,0.00019409893151863818,0.0002539085184862691,0.00017802181939404423,,,0.0007670587550235,0.0006227827305579249,,0.00024195061472002968,,0.0002686074579047483,9.936253855269665e-05,,2.855654914722735e-05,0.0003213566268954319,,,0.0007285064900726084,0.0002131219468745595,0.00039500858579437375,0.0010866197703742252,,0.0005806954129602579,0.0007083338201752627,2.8859102974903953e-05,0.0008996145632676813,0.0004189706071660097,0.0012219038855310988,,0.00031960787605169946,,,0.0008931746758898676,0.00014944974600794247,0.0003674137160698473,0.000543733556916674,0.0005915146728936015,0.00015583251769184597,
400,0.00019283490841252754,0.0011156402209960925,,0.0010501254683436686,0.000806478114159571,0.001377208953450534,0.0007520937998192658,0.0025139564251869355,0.0003513644735659386,0.000543517257736141,0.0006873977872164082,,0.0009408931421036911,,,0.0009740324457248275,0.00131839067881463,0.00053651704170451,0.0011317130280257552,0.0018140699436182566,8.485356440050324e-05,,0.0006170447264275345,0.0008066027468763733,0.0014037461654586815,0.0017355714248239484,0.0005947125844028996,0.0007568756955174641,0.00020260959608187524,0.0010363821491602798,1.9768246188983538e-05,,0.00022975256737334097,,0.0009064451572100158,0.0007282401192815295,0.0009479920743378114,,0.0009720976106654296,0.0010077992174223637,0.00038567996452004884,,0.0004903975569245535,0.001236261486445721,0.00022681392489896145,,0.0012054574435250976,0.00015462253476568883,0.0002450246648408409,0.00035605445680193055,,,,0.0003486840010940473,0.0007272721785060496,0.001057380591716281,0.0003798433392037276,0.0005178361222551027,0.0011671873523467421,0.00022317376142189023,0.0005942817052564818,,,0.00040881063514336993,0.0007993991457946881,0.0009860278182354236,0.00039946213178134365,0.001014040135391038,0.0007990536776888175,0.00048210269288125735,0.0008900540686664405,0.0005722755847067025,0.0008651785909296191,0.000801485472599823,0.00040675823463833183,,0.0004488727583966949,,0.001125962538642397,,,0.00011261282261461953,0.0006626180095110412,0.00012806219262471665,0.0007439835843443709,0.00019691129366690313,0.0007911930269639182,0.00019029459572040262,0.0008505938576019497,0.00031236534114185814,0.0010246489818858892,,,0.0005563696330619748,0.000319812839366205,0.0001759495851510144,,0.00013714511566084278,,0.00032976985794770474,6.51429072708431e-05,0.0003924170191876942,0.0009118353955459697,0.0004074814022593276,,0.0005172573063972864,0.0003263435999237476,0.00026519914434286257,0.001171772175360703,0.0009542528575890159,0.0013946297068733883,0.0008264568460732417,0.0002359338514644324,0.0008092172280967137,0.0007672477169367496,0.00013013394469775814,0.0013448006639870272,,0.00020448218011545881,0.0002872227023577362,0.0008333723741284578,,,,0.0006017668575637874,,,0.0007423076963473115,0.0013929462701399082,,0.0008663767112029237,,,0.0005469238842982815,0.00021667766359570787,0.00032682637167098105,,0.0003577428389898503,0.00016322106620938318,0.00026297614940007266,0.0019027780794961004,0.00025266674849747995,,0.0006651641627962672,0.001146535975191265,0.0010168223770548137,0.0003308783918939331,,0.0004989780777506741,0.0012707650514694616,7.05873321986776e-05,0.001117809269270128,0.000735273031746802,0.00033757797260431565,0.001667628515196642,0.0005890944578870728,0.0018221430693698252,0.00017116056875577445,0.0007133186191027457,,0.0002447301623363704,0.000750250562371044,,0.0008246922569591698,0.0005026601379861502,,0.0007432103874596571,0.0001836939727728263,0.001049686226405488,,0.0010872967747340547,0.0010133259007641653,,0.0007755306434417278,0.0008312377521487997,,,0.0008883467970966156,,0.0002885502719588725,,0.00080838921379315,0.0005118576681543761,0.0008205072007513429,,0.0006359213453644567,0.0039472173463518225,0.002019900319937122,0.0014466439338938133,0.0005199879961255607,0.0004436418526608471,0.0001299834064333678,,,0.00023534242479191018,0.00011566287095105291,,,0.00026929470131831695,0.0010423643574376472,,0.0002814842271996037,0.0016376778416856482,0.0013719793992212847,0.00021823804120130484,0.0010075306645595814,0.000824434252653634,0.0001178356885672746,0.001063582725120546,0.0005415407562500964,0.001208282340119967,0.00032969981669209435,0.0002515318352610066,0.00010605816663717587,0.0004427489522205804,0.0006302032461154634,0.00010966569093939541,,0.0003791967244682018,0.001241717211250862,,0.0008484858999743751,8.860586619198792e-05,0.0001891010922832458,0.000413914190771807,0.000262963964686186,0.00033454349669044883,0.0004980718129888813,,0.0009499849481946177,0.0014108007798025398,0.0011137391166666124,,0.0008076799398547069,0.00047475484982756257,0.0008928503172854691,0.00028871814919144314,0.00034099214622366423,,0.0004540922981823829,0.001206206408722082,,0.0007227255831538046,0.0009909767659421413,0.0019115347564449907,0.00037401133935449025,0.0006792805112019211,0.0016166674301090526,0.0002707112882685968,0.0007165390426694801,0.000639190081408002,0.0015572629416576145,0.0003292579207073856,0.0011211965055056262,0.0009782768114461491,0.0011005214628730874,,0.0007641692334593973,0.0007641679372579773,0.0006434196038346491,0.001248810818854656,0.0008828849217384988,0.0006897042324916371,0.000700814217217016,0.0008527471941603139,0.001655607251156188,0.0007026768666606619,,0.0003308821290035618,0.00030489862141668114,0.0002817901438505704,3.28993579075713e-05,,0.0016351209334525278,0.00036803195557441,0.0011738312448773406,,0.000765187156595017,0.00020031024940213692,0.0004098430933061845,0.00021958515957790442,0.00011754467796286674,0.00029482995824837955,,0.00097662568181587,,0.0017227559962043955,,0.00012468967659185932,,0.00094769312184575,0.0014490747102164437,0.0004995295619340683,6.839176096896912e-05,0.0008825065360484929,0.0007387360186837972,0.0006325999068096885,,0.0002518100260620955,0.0005866957880448389,0.000621651404216816,,0.00015994077906875996,0.0008322437709729536,0.0015096810897960373,0.0008631491770880305,0.0008353364238948963,,0.00015299802351325601,,,,0.001495263699764151,0.00043737154424440506,0.0011924676874063096,0.0011294930291945971,,,0.0010863452400809543,0.0007282551521950293,0.0009144416003401232,6.463299017641127e-05,,0.00017950380473889268,0.0007979940881984592,0.0007054137428598483,,,0.0010409092564943234,0.00030858632777099835,0.0003515680285783092,,0.0007694482847643073,,0.0004859071077967757,0.0005570267263756089,0.0011844945135017514,0.0009005136293072035,0.00158508130136179,0.0008599260554397537,,0.0008635045207710612,0.0002498839279427836,0.0006706977979081156,,0.0007183828255310161,,0.0016971149743547512,,0.0007273595342484321,0.0003832895333294402,,0.0010770117070716418,0.0007053843574504086,,,0.00022628755629689547,0.0007455729038008006,,0.0009213177340337379,0.00016222646424026482,0.0005827413005565612,,0.0008814165864880438,0.0003941264465677978,0.00015180822920253862,0.0005652089418786728,,,8.564822989662827e-05,,0.00019640154461011034,0.0018065243612492426,0.001539502909761006,0.0007244573727539609,0.0005145685716832584,0.0006438189046118105,,0.00015863323819129051,0.00013823070069467064,0.00031393426494109763,,,0.0005433526047554409,0.0012505446229233992,0.0009390147595371888,0.00173497347177311,0.00018621966281330291,0.00023649972302752735,,,0.0009477634667373928,6.279594022528004e-05,0.00015068765022828402,0.00013455496066178466,0.0005761032353950933,,,0.00035320929054578556,0.0010560587102118714,,0.0006002396342031222,,0.0005666063797951811,,0.0002581751484695634,,0.00029752017265120573,0.0006779821276406959,0.000995360711150561,0.0008822091703630445,0.0007428624679542142,0.00025292293846809554,0.00031499413972334707,0.00019607309059225855,,,0.000807502670524003,0.0007244047261518442,0.0002937935780969967,0.0004335854984309845,,0.00019093329825993727,0.00016207601291599982,,4.3131627229342166e-05,0.00042575624427982744,,,0.0011096380962727142,0.0002644654129578306,0.0006487269707362024,0.001308439299020547,,0.0006480282742162602,0.0009482453529961064,5.284568786680298e-05,0.001226721086270099,0.0007150638229192833,0.0015132692995014248,,0.00034560697379181816,,,0.0011727615468118892,0.0001671793603967167,0.0003844523190730704,0.0008273143520693934,0.0008484953450996714,0.00024704976077983935,
450,0.0002783147891868941,0.0013650932722723906,,0.001253104377340889,0.001135838783631532,0.0020141168571029358,0.0010944422837637054,0.0023881424115433174,0.0005202822788390491,0.0005897533846707847,0.0008704928423895722,,0.0010440887383185477,,,0.0010696920146536174,0.001494446224228924,0.0007591818493868428,0.0011961538710322758,0.0026729200884129116,0.00016199648469602802,,0.0007541937616928417,0.0012392266636088317,0.0016263006839798253,0.001842455231123783,0.0007240868987230626,0.0011235385417852114,0.00024173994501794062,0.0011492431167791288,4.27318096132179e-05,,0.00033704955746954873,,0.001142658509465657,0.0010406648515904886,0.0012856856673605726,,0.0011872826299779162,0.0010484320381618987,0.0004482176203663743,,0.0005786011432592277,0.0013821855901681992,0.000263202754269191,,0.00122492125392846,0.00025276479748835177,0.0002796417655192897,0.0005465902297898906,,,,0.0004368100282908372,0.0009234363005865054,0.0011795582638749976,0.00043312956069820876,0.0008040861801817018,0.0016870647902794324,0.0002839871285215268,0.0005967191366351617,,,0.00043627819207473043,0.0008958130517948171,0.0013599701554757465,0.0005121662333355719,0.0011839102161833796,0.0009828685995907978,0.0006267718077666451,0.0009463748109120272,0.0009032673208520214,0.001216252398707185,0.0009222205837259896,0.0004625297064247224,,0.0006687459285985184,,0.0012623852196245989,,,0.00013776528134749788,0.0006674453430036481,0.00016194126222480903,0.0010510694288797307,0.0002491345588598452,0.0009667076089424864,0.000258593860967532,0.0012286624296046467,0.0003826913760102968,0.0012568248364524792,0.00025645706721366224,,0.0006778051339394854,0.0004351356670364174,0.00023167281383121245,,0.00020129369598563413,,0.000488380044358344,0.00012911186014570678,0.0003851370090918389,0.0013262266998425914,0.00045744458080705354,,0.000719687272725179,0.00048253163918580977,0.00030829280121214366,0.0014239156723285338,0.0009545004900779327,0.0016028434189547711,0.0008059382424950386,0.00026199399020081243,0.0011813257605054262,0.0010294287538333018,0.00016691051577230316,0.0014914867165497486,0.00021746670767477366,0.0002933131197333682,0.0003848938086154718,0.0011964426486639078,,,,0.0008845634550392427,,,0.0012547455246084993,0.0017830157188096485,,0.0008903463504594466,,,0.0005528246437207226,0.0002865770017076334,0.00038845057741775064,,0.00047590281901100544,0.00018731075689643688,0.00042255192382070967,0.0019568230562393625,0.0003041524031368449,,0.0009766802220271041,0.0013108781072926894,0.001278654846268278,0.00036511796642279285,,0.00046914944457653035,0.0014015061351707104,9.318493298840045e-05,0.0016130913145522073,0.0009218866181432257,0.0003677349222688582,0.0017193743336358645,0.0008312239510706369,0.0020123398174421094,0.00025460878573865635,0.0010092033288192,,0.0002820177692008808,0.0009670501457798681,,0.0009912017176463641,0.0007059880719077548,,0.0008874408080167754,0.00022350989867619264,0.0010259209952859453,,0.0012060031260482783,0.0009922097337397551,,0.0007305960302776344,0.0011410026568633713,,,0.0010618793299434926,,0.0003717925270469539,0.00046974225258848836,0.0011583527341723593,0.0006208813042167211,0.0009993011976324236,,0.0009118293038592894,0.0043621161327727885,0.0021589105430399407,0.0015643711378209438,0.0005582651251142174,0.0004615609595022285,0.00019875771606084794,,,0.0003203048490232978,0.00015952658357183108,,,0.000360300528557411,0.0011996030508460286,,0.00030388020460137607,0.001803739707300933,0.0015688672518506567,0.0002915555588455436,0.0010405121663172178,0.0009871985135681686,0.00017817231194507772,0.0012460813938598616,0.000699249652621085,0.0012423796388718344,0.0003605627880357185,0.0003088638260684636,0.0001604521646613077,0.00045409447666010244,0.0007619731748800294,0.00012768797956875128,,0.00044260521766797956,0.001415347578207469,,0.001298337769112885,0.00010441796075853176,0.00022405647480131476,0.00048169870376793544,0.00034382429472951603,0.00041340506009028875,0.0006055660181962724,,0.0011781055145786362,0.0015108811212114438,0.0013538985685047772,,0.0011549900580585552,0.0006527065246410007,0.0010591513278221196,0.0004069688197823767,0.0004143415134890354,,0.0005708301991635002,0.00135655649437523,,0.0009443813235377266,0.0009600154113973049,0.002057119352711977,0.00045918866602427015,0.0008270636442290764,0.0016419724799363116,0.00032632012990865583,0.000791721785787308,0.0006673366734606456,0.0016073379196335754,0.00035576855263212237,0.0012298490048440376,0.0011279885542866258,0.0012798388665351892,,0.000807831619128973,0.0006968053322956964,0.0008967766240434913,0.0013276031828242008,0.00111597372118869,0.0009513880655700809,0.0010431605286554855,0.0010379321396344948,0.0018086629801838058,0.0010212242728978077,,0.0004594155329235768,0.00042423393177216603,0.0003475946875300766,5.120510216803968e-05,,0.001963935660111865,0.0004437007637155775,0.001347671978816663,,0.0010918867116174306,0.0002698116955063417,0.0004867548079294848,0.0003212959113257219,0.00014278927416782968,0.0003315753812619488,,0.0012163065123836864,,0.0019476143067854801,,0.0002379661552991179,,0.0014705686386686989,0.0020401502492337097,0.0007446668330191891,0.00010251278888231801,0.0011813765089653556,0.001008965958315837,0.0006868522000768206,,0.0003184752615958563,0.0006498707054966932,0.0009211017062145772,,0.0002482929880234133,0.0011822808060894913,0.0017862323293818877,0.0012491603218122596,0.0012956200361001556,,0.00016835255080766722,,,,0.0022529652977350246,0.0005603799130781776,0.0013526546512391802,0.0012211376590464712,,,0.0011634966442904944,0.0010673682758944726,0.0009926178121653774,0.00010200544107733206,0.0005375241715923088,0.00022217852993896227,0.0008545578380865771,0.0008037197890923808,0.00028647743009264844,,0.0009395934610650741,0.00037131831153794956,0.0004396283296272138,,0.001186820466300031,,0.0005676723126673235,0.0006299561167824651,0.001374182257521401,0.001149007855307236,0.0017157475606807433,0.0013329833181015215,,0.0012644900037931226,0.000308680679835892,0.0009776051080668414,,0.0010156554971198885,,0.0018806062349066657,,0.0007762530434680296,0.0004975369897710608,,0.0012821689316231586,0.0007992075914217209,,,0.00028975599079764656,0.0008974476753842467,,0.001219974880330361,0.00019878697445063615,0.0006533053890965336,,0.000942532266460384,0.0005538546843553146,0.00020617747215751744,0.0008733535045155566,,0.0006021279699681709,0.0001393266983923609,0.0004824405089158825,0.00023204317616829068,0.0017684598962155907,0.0016373479888236544,0.0009027638527644672,0.0006615050613086068,0.0008478870478859197,,0.0002163086138733376,0.00020840172387580463,0.00034352673799251105,,,0.0006834744854214745,0.0014019143131392296,0.0009654351841606038,0.0017349992891440263,0.00021538315278586846,0.00034799515473488894,,,0.0010931785102474537,8.568220264887186e-05,0.00016793306055370733,0.000209269785822763,0.0005950261543360679,,,0.0004074142406496008,0.0012212362380826743,,0.0007131301033523313,,0.0008373349385710557,,0.0003208705022816928,,0.0003553437574231912,0.0007574163227076771,0.0009877480851493226,0.0008332491516536295,0.0010527867264463568,0.0003170926220532174,0.00038689957104996514,0.0002262327353657453,,,0.0008979397794756314,0.0008105630436375223,0.0003237203100895878,0.0006508749127552272,,0.00012444677399818895,0.0002352258237108371,,6.0748104724764595e-05,0.0005560171423235001,,,0.0014516551410636552,0.0003254256467377059,0.0009409887393318736,0.0014196875748603457,,0.0006174300479183597,0.001131148538483647,0.00010577661085058395,0.0015075493043380497,0.0010267709474584402,0.0016868498150917352,,0.0003776550814391234,,,0.0013834693752419382,0.0001974330640297564,0.00041825905801220684,0.0011220798560506173,0.0011458967974119446,0.00035318111512181187,
500,0.000390190555452,0.001542125130929189,,0.0013799774574404157,0.0014604767963442035,0.0025678833312134364,0.0014300017902041232,0.0021990779559479083,0.0006926781533732842,0.0006196951917301678,0.0010371142901912259,,0.001103580837115024,,,0.0011583931132613334,0.001590671897768208,0.0009601065932631188,0.0012270951393576629,0.003291711792633784,0.00026639352360650843,,0.0008946342061183134,0.0016697231845715927,0.001814177204342812,0.001894485155786212,0.000857867331021456,0.0014416756030766799,0.00029421672003691397,0.0012540085834510314,7.711748664759654e-05,,0.00041179671980387365,,0.001327240532458668,0.0013165019128724821,0.0015744286425277067,,0.0013628470989900479,0.0010878136977715014,0.0005063928708206166,,0.0006681925938382086,0.0014673947280136603,0.0003025408100587234,,0.0012123525127703204,0.0003855636496370711,0.0003170315729114056,0.0007381226050205557,,,,0.0005330911732475219,0.0010437174513701474,0.0012820462320060346,0.00049760288216158,0.0009260963411690916,0.0020890007138097163,0.00036055142399228537,0.0005712506942293239,,,0.0004764348205028924,0.0009393253893754779,0.0016576702504153067,0.0006272220212067606,0.0013364075973484313,0.0011490528972254094,0.0007825305662656535,0.0009719311825009091,0.0011961153450760521,0.0014573469596614252,0.0009944599835616107,0.0005016640689244708,,0.000884055306253183,,0.0014191137564944767,,,0.00017746604437569015,0.0006685829020010111,0.0002017582000373537,0.0013821568743747244,0.00031540043628075097,0.0011130433963608356,0.0003646224824477425,0.0017342334062111072,0.0004669023032601868,0.0014413080910628076,0.00032022771656354106,,0.0007697723297357666,0.0005573430314503117,0.00029778128256350835,,0.00029253592024743426,,0.0006495272698601566,0.00022481858330780408,0.00037979395853815007,0.0015172770348940608,0.0004809611703063351,,0.000931728223927545,0.0006418855548457708,0.0003576964595779136,0.0016109814855646617,0.0009520883287692416,0.001770330759800673,0.0007913370857684749,0.00029350140462308167,0.001445092420106253,0.001259929141784051,0.00021436074895154203,0.0016067749187413643,0.00028437682519328385,0.0004084589427255206,0.0005197973772097906,0.0015413722143874996,,0.00033053055909387417,,0.0012553829997657211,,,0.001740007317071424,0.0018733062658113833,,0.0009301291328621399,,,0.00057061609820895,0.00037515227469007533,0.00043963295713457024,,0.0005999008174446171,0.00021375369352689752,0.0005952239827050473,0.001982283882077002,0.00036127909689468097,,0.0013130577323357778,0.0014512887397100552,0.0014675645957158508,0.00040396797930251053,,0.00043971307701619534,0.0014834051519454967,0.00010731371485895821,0.0020819499259309257,0.0010636498469378947,0.00040510249638479054,0.0017951828528927631,0.0010164066324081433,0.0021647495519362576,0.0003548291019505956,0.001379955473900894,,0.00032686644280814544,0.0010939268538092029,,0.0011253025351807124,0.0009184963719795204,,0.0010261211990342002,0.0002812202964906604,0.0009969913186710937,,0.0012670735304026385,0.0009749913033043947,,0.0006808560214234536,0.0013797146391673557,,,0.0012695748255302458,,0.0004552404918023323,0.0005184297873624973,0.0013417313734255998,0.0007372573121350788,0.0012146390356278446,,0.0011891438174278567,0.0044933329884439075,0.0022098432799514765,0.0016920339253430896,0.0005898613247188261,0.0004856131041710272,0.0002922572030444105,,,0.00044217155463201945,0.00021223676562816268,,,0.0004540218429105428,0.0013144759380912664,,0.0003215430557142135,0.0019372090772333673,0.0016927631681618338,0.00038409383976483277,0.0009942633862338164,0.00115161131922223,0.00027809096556652803,0.0014400261824835492,0.0008636232878149836,0.0012411706017380862,0.00039138073047637506,0.00037135263861272946,0.0002400334530966006,0.000443704188550829,0.000901201509807457,0.00015360965404993555,,0.0005164256166824818,0.0015416005539885891,,0.0017999458928051471,0.00012578762981596962,0.0002670849767073635,0.0005603291701707984,0.0004517775557856276,0.00048275907594454154,0.0007324401402726252,,0.0013047140365023292,0.0016385941028422206,0.0015362424983764518,,0.0014763584134038187,0.0008426188376940353,0.0012216276466813921,0.0005610716671744535,0.0004831455366580535,,0.0007062733366096975,0.0015146682811719159,,0.001122419971922863,0.0009342580000509902,0.0020873152708934723,0.0005499272080932416,0.000976308683181982,0.0016167925138279057,0.0004008344545289111,0.0008440215692340525,0.00065980333409246,0.0016818749464422476,0.0003892363692038257,0.0012774682454502406,0.0012604855881433313,0.0014434861802172232,,0.00083006636018676,0.0006406825345264774,0.0011183570789768183,0.0013640215924130613,0.0013237302443737115,0.0011561487858380564,0.0014018003700700691,0.0012126157009075059,0.0019258764560216857,0.0014518727232786818,,0.0006187410829253811,0.0005545481790162112,0.0004120043028533698,8.147460971143378e-05,,0.002150028267021898,0.0005265381140920613,0.0015232944433941726,,0.0014073418301674466,0.0003582987929573578,0.0005645300425636489,0.00045505194473627623,0.00018108246928984722,0.00038193334535158174,,0.0013613985324037417,,0.0020664479142541137,,0.00037422328471181654,,0.002002395897033425,0.0026127057457285114,0.0009156714167949712,0.00015128780698691607,0.0014703034831333246,0.0012868671531999602,0.0007469869522799042,,0.00039131951927323324,0.0007236491454390462,0.00119259183441257,,0.0003919613740852729,0.0013847923818811217,0.001984774569495165,0.0015521792483920338,0.0017707114458738304,,0.00019041758447894356,,,,0.002942048172544644,0.0006357000906179409,0.0014544120000313525,0.0013152802302161522,,,0.0011837212298605592,0.0014388428374405827,0.00097685277104999,0.00016095618621942548,0.0006187688917110492,0.00026731777256611556,0.0008895886099225408,0.0008836987580889122,0.0003795412938444112,,0.0006899013204436664,0.0004374892450834904,0.0005551589409942234,,0.0015975461307866738,,0.0006392110473783003,0.0006862037193623682,0.0015718559739079895,0.0013908146006408318,0.0018669810654376952,0.001871597049266879,,0.0016751143455028654,0.0003660370582896225,0.0012081809586214523,,0.0014818011646907847,,0.0019912814401567176,,0.0008021301371130208,0.0005687012063527129,,0.0013763634773289314,0.0008796558963079575,,,0.00036631644942539804,0.0010300944642995164,,0.0013863923738068672,0.00024349305978779156,0.000727351109636542,,0.0009900893170835903,0.0007429333312842121,0.00028131396730432263,0.0011583236799281927,,0.0006459465976811882,0.00021964965196174429,0.0005058772373573639,0.0002749844520228256,0.001566267756236901,0.001722628846662976,0.0010950310277848265,0.0008116724169321714,0.0010453365761354933,,0.0002890225842026751,0.00031164768999344174,0.0003712749186424545,,,0.0008117277912162378,0.0015443987242096113,0.0009572163915698114,0.0017512310651793509,0.00025212292787407545,0.0004737980277151772,,,0.0012531240403322523,0.00010873817754791535,0.00019566261734825868,0.0003114833886303922,0.0006263246544895755,,,0.00046409856622068945,0.0013043669382172645,,0.0008340320154258135,,0.0010671878460278557,,0.0004099984648565044,,0.0004165310781346515,0.0008166295748766093,0.0009736634110867575,0.0007795014146596944,0.0013463678007038778,0.0003828546804251511,0.00047035125150509706,0.00026135309857230817,,,0.0009736174963484787,0.0008688363033446158,0.0003543586371969269,0.0008576205819345258,,6.570957800684407e-05,0.0002950879890977495,,8.53698420154768e-05,0.0006999917040874575,,,0.001680728245836448,0.0003938815624711243,0.0012146301334846285,0.0014512404594297583,,0.0005009024899361563,0.0012608645709269331,0.00018517809238864693,0.001622947391696373,0.001262468628602666,0.0017147048619694796,,0.00042367176583824176,,,0.0015306936040372387,0.0002350729402981943,0.00045557107600602,0.0013625968565718575,0.0014703885829664574,0.00044954085234582023,
550,0.0005300480547042675,0.0016661859693283712,,0.0014540039819288312,0.0017709893255065594,0.00289767917883577,0.0017115240302395078,0.0019178316286524865,0.0008539487134503397,0.0006319722555091748,0.0011720219061633098,,0.0011024414691313967,,,0.0012296160441032662,0.0016984190407815312,0.0011434956094682235,0.0012299979748466579,0.0034994086346482353,0.0003855163800575181,,0.0010230150471706243,0.0020169327181850955,0.0020291952547399454,0.0019011672377074098,0.0009937473383515023,0.001685623422865856,0.0003577937909978247,0.0013156963477703714,0.00012554161067931333,,0.00044151651197053794,,0.0014381277833525347,0.0015450164798150143,0.0017948918853582187,,0.0013322894119905768,0.0011133856680747539,0.0005584337454946634,,0.0007582007701066226,0.0014967210128885337,0.0003438206947115464,,0.0011721479329509068,0.0005435078738579533,0.00035448384202905884,0.0008817168169334946,,,,0.0006221616566600452,0.0011055443938439906,0.0013449164199078783,0.0005703750913086214,0.0008933656128569716,0.00228298514063334,0.00044739872348869625,0.0005240408974570941,,,0.0005213468198556614,0.0009433057743252693,0.0018993894598925253,0.0007273065931046109,0.001459090797464704,0.0012761997141269375,0.0009403158122980747,0.00095518182818416,0.0013929169181670492,0.0015452405402345346,0.0010370825742846352,0.0005308268325728626,,0.0010567984042463428,,0.0015929515111567768,,,0.00023600884099302073,0.0006849927035656799,0.0002507168598975857,0.0016890967690959921,0.0004012959454230908,0.0012242430308442261,0.0005146671853775087,0.0022160746160670825,0.0005768550530234276,0.0015878879933352043,0.0003706714053839771,,0.0008312410427316915,0.0006924731522790318,0.0003752676952481832,,0.0004111286070281144,,0.000786177960166804,0.00034691643066273546,0.0003729642951305335,0.0016205727375727137,0.0004713874500173534,,0.0011428487417878145,0.0007846108720817494,0.0004115498574548462,0.0017417460160285077,0.0009375290942112316,0.0018763137826337318,0.0007494794587990098,0.00033134576325893775,0.0015415159010235793,0.001453446006598429,0.00027348560994604274,0.0016519846274357106,0.00035144956732554585,0.0005542869374478639,0.0006894307088647783,0.001826690931726166,,0.00037529605165414,,0.0016205675875790365,,,0.0020647036983139893,0.0016781085151047032,,0.0009618505313821772,,,0.0005732356660292429,0.0004816859388274886,0.0004928132707013522,,0.0007236654133968904,0.0002465538708162652,0.0007474031230465182,0.002010831950031044,0.0004243278591879944,,0.0015622925629172005,0.0015723419788140974,0.001589764974310554,0.0004493714333267165,,0.0003833200349077088,0.0014659034512392226,0.00011967978891817763,0.002438683501774736,0.0011628124102632446,0.00045170037471967996,0.0018778052457244674,0.0011485007072576613,0.0022016694901078417,0.0004648162570229644,0.0017612828681559114,,0.0003824463681096199,0.0011671435812332298,,0.001227114325124175,0.0011093053434703694,,0.0011270924427781133,0.0003580938320353218,0.0009776268498207948,,0.0013247938637950894,0.0009494985937802886,,0.0006272165987790442,0.0015729529999984444,,,0.001507463459189869,,0.000532441658679743,0.0005649096687585296,0.0015254353990333766,0.000856261061166778,0.0014259640542630399,,0.0014334006814500705,0.004446205322999642,0.0021581127806357694,0.001838769017651112,0.0006094744658521646,0.0005244536137612815,0.00040915398757548205,,,0.0005993424806667317,0.00027018591610249355,,,0.0005490534212111317,0.0014050600465636681,,0.00033417666550791553,0.001986086965155207,0.0017407258569298882,0.0004954603729921972,0.0009056756230392937,0.0013094480573323547,0.00042631983058632735,0.0015994768462572265,0.0010189681856757882,0.001211766814946564,0.00041834582182890645,0.0004387107314808819,0.0003432423017753655,0.00043129232784770065,0.0010384309522069124,0.00018858200658269613,,0.0005998866480132363,0.0016040225395978476,,0.002248272044676763,0.00015000678229266476,0.000315513899015715,0.0006467067097424993,0.0005799965109427539,0.0005394399596492423,0.0008730508854146383,,0.001369631406837154,0.0017817475205749592,0.0016755980079370696,,0.0017249264381098495,0.0010714604096501584,0.0013621712058221596,0.000723453655960447,0.0005405841763471969,,0.0008552075216285367,0.001663167331077893,,0.001245378499357257,0.00089428311785736,0.002016660866704803,0.0006437162956730914,0.0011208153172039867,0.0015497391791741185,0.0004773188185928226,0.0008815685791235545,0.000642009036782798,0.0017474252146232982,0.0004311386968119401,0.0012116915605306698,0.0013732887510830715,0.0015678656883550623,,0.0008386217765360413,0.0006093066206333677,0.0012741218202856504,0.0013651676886425018,0.0014569702465552271,0.0013193478283010783,0.0017374291680870707,0.001371634840318985,0.00202393633534763,0.0018597586101761784,,0.0007872394987615785,0.0006754857475322415,0.00046662423493481933,0.00012825032776294678,,0.0022428510343687823,0.0006111903140675103,0.0016674079280278083,,0.001669466144162125,0.0004677294008900716,0.0006368945989890122,0.0006159538772912509,0.00023843000891708794,0.0004449308607326751,,0.0014378284321452015,,0.002090499822892884,,0.0005011409277854898,,0.002430445532446413,0.0030531081331199414,0.0009077225729493084,0.00021541736599402561,0.0017043176842784255,0.0015285321806020565,0.0008068280739685255,,0.00047039145571194985,0.0008039199059755355,0.0014096783808973628,,0.0005402870868518358,0.001507027961147548,0.0020952600463538117,0.00173934040562475,0.002179848704959822,,0.00022291520667924248,,,,0.0033850897104621166,0.000665832399147678,0.0015486437860902222,0.0013899859725469976,,,0.0011523972854585562,0.0017687507610764268,0.0009413666727683553,0.00024121114331169082,0.0006502248830708907,0.0003157386621748799,0.0008837502089961073,0.0009332285073227173,0.00048701891752057816,,0.0005090194353483587,0.0005055313563912049,0.0006881727427192971,,0.0019473588562186625,,0.0007001165489062046,0.0007339671761676157,0.0017652545268657103,0.0015674223729146132,0.002004974791893991,0.002347029395183167,,0.002042534751783844,0.0004174217202284016,0.001383410851918731,,0.002014084462211126,,0.0020850593343754126,,0.0008123956076589654,0.0006019994833050061,,0.0013821883054952054,0.0009540280343546621,,,0.0004532798403950679,0.001145235076938439,,0.00140678982625365,0.00029629993828200193,0.0008021547164699804,,0.0010123501471062514,0.0009335368285697049,0.0003751859252487183,0.001376043187126873,,0.0006702241753532804,0.00032957008351973416,0.0005163890520369108,0.0003243250980804782,0.0013615772894285266,0.0017444891835974002,0.0012849473666180853,0.0009531686566289662,0.001212859385362859,,0.00037135030779516604,0.0004478733409307448,0.00040350020362015144,,,0.0009301683998943221,0.001609875858488204,0.0009354068972468193,0.0017571742458052915,0.0002975480974839506,0.000593002420384626,,,0.0013940637013194232,0.00012984662177432487,0.00023773055765049738,0.0004399727551387147,0.0006802367389611042,,,0.0005226926741931507,0.0013296108541267027,,0.0009410987856216176,,0.001224102137396616,,0.0005256313667798115,,0.00048076572394027575,0.0008584282492044663,0.0009395807521677241,0.0007242318810447295,0.0015869370340821634,0.00044816266173392443,0.0005646610814655582,0.00030004409106733094,,,0.001015667317699499,0.0009012256985599864,0.00039367164720508754,0.0010335787829464118,,2.650698128246391e-05,0.0003174434731044395,,0.00011831291657144189,0.0008160631167129269,,,0.001772880769581384,0.0004658875483898896,0.00141864427135746,0.0014372019780368368,,0.000331993218080017,0.0013491209310217127,0.0002856192020946443,0.0015735866019474134,0.0013788121862104306,0.0016872876603181556,,0.0004878034143066709,,,0.0016160015191694689,0.00027916142148464834,0.0004921715334436945,0.0015300473248018472,0.0017865249386611994,0.000527827775686637,
600,0.0006907471270264944,0.001745630078386781,,0.0014954787810621932,0.0020620220861429324,0.002983927883661119,0.0019215169062136734,0.0015472044953455538,0.0010026789685087432,0.0006354146311548577,0.0012700881982190481,,0.001043120477994776,,,0.0012658932273169146,0.0017833037981041311,0.0013267774334485552,0.0012088998395757842,0.003377112649819668,0.0005152934017497352,,0.001131632516885683,0.0022192496161554816,0.002268672972297805,0.001863872386718067,0.001113243348276733,0.0018628169101077615,0.00042934150682899817,0.0013182295805024076,0.00019355882592491942,,0.00044815186081045095,,0.001485985388259753,0.0017553703200817931,0.0019322139656482438,,0.0010907745177719118,0.0011165141959997617,0.000601546798890507,,0.0008438907238827496,0.0014670401399087807,0.00038703853548158434,,0.0011041720177867166,0.0007120632258773322,0.00039243385027272574,0.0009713137879807778,,,,0.0006922336748256778,0.0011106762227958565,0.0013532181668894372,0.0006499451153857219,0.000778151004997001,0.0022776615198142583,0.0005274576855425968,0.0004774473034763747,,,0.0005605130775015295,0.0009237942635635135,0.0021063552752746888,0.0007927052559638195,0.0015360287275358543,0.0013553488969857601,0.0010817305231432316,0.0008979278331685791,0.001506052255716474,0.001553338943717859,0.0010636062181359216,0.0005623427711148143,,0.0011837455172052276,,0.0017662739426359377,,,0.00031867927923853463,0.0007229576034023297,0.0003101562623758668,0.0019327589686223081,0.0005064082659980715,0.0013054326550033292,0.0006926322401748451,0.0024631455457519978,0.0007155869200766032,0.0017092523513030959,0.00044177271743836625,,0.0008642654803581911,0.000843944175232307,0.0004616070769101942,,0.0005510104880735631,,0.00089199429109296,0.000483401155365715,0.00035430931995923903,0.0017403944010942422,0.00043018359029825136,,0.0013194166466433026,0.0009156044714215859,0.00046935481257466636,0.0018350082970421757,0.000906517830224857,0.0019177042166639592,0.0006716440267145458,0.000380554043161703,0.001529666101985914,0.001608135845908081,0.0003468185490679528,0.001617808363438297,0.0004071268150164359,0.0007292815146764246,0.0008406723043129664,0.002030823710049517,,0.0004318926865475077,,0.0018515240723125698,,,0.0022202748841674133,0.0013656056675980966,,0.0009053997263779642,,,0.0005484222250185421,0.0006031626114719472,0.0005529835437652402,,0.000838343610818978,0.00028974664293291054,0.0008598273919674372,0.0019533648167499988,0.0004952418602363377,,0.0017328882146653791,0.0016732333755392415,0.0016662203803134708,0.000502385019365516,,0.0003233538672660729,0.0013646267417904044,0.00013786837738126068,0.0026486125833777483,0.0012364719930331944,0.0005110056276587833,0.0019133094558894388,0.001262659390983221,0.0020830831112523492,0.0005825279067959425,0.0020416787028310402,,0.0004487787957750123,0.0012003882088625648,,0.001298610359328273,0.0012616618199950001,,0.001186986543281946,0.0004503597942501101,0.0009671580072394124,,0.0014042666956231625,0.0009081276931242849,,0.0005585307708874843,0.001740314230215899,,,0.0017208008936759251,,0.0006077525824824421,0.0006204894087298287,0.0018502202417087924,0.0009702655732359263,0.0015643943528252336,,0.00162181157010969,0.004428764187371025,0.0020203602215916397,0.0019693461267639976,0.0006278738529474425,0.0005796602004056162,0.0005445311937000983,,,0.0007799979542816909,0.0003370335741542167,,,0.0006444430447528841,0.001467562404475454,,0.0003414930693233024,0.0019147209209056583,0.0017463630216796395,0.0006226936021537953,0.0008504679823488003,0.0014436917120290724,0.0006164581491032354,0.0016788249463933255,0.0011640090015306366,0.0011643899108864477,0.0004418663435840337,0.0005105631169268975,0.00046222444912274053,0.00043269198793399353,0.0011637472107802198,0.00023324310191510597,,0.0006905025451303145,0.0016058223337293107,,0.002570168463034577,0.00017303709599838106,0.00037023857280425905,0.0007358907903536184,0.0007112705975027214,0.0005982280787494265,0.0010239437427534321,,0.001448431236523302,0.0018805419508410096,0.001772644115418348,,0.001907971908953655,0.001337647309176289,0.001446391020714366,0.0008763088641205331,0.0005822386848661655,,0.0009936872949579728,0.0017769404387631784,,0.0013246638270023815,0.0008421814103825659,0.0018543712488749598,0.0007373590854822662,0.0012495663200423764,0.001399434277860251,0.0005327247688697572,0.0009143035794825918,0.000623790525178281,0.001742044370296683,0.00047845853152313607,0.0010831537497098926,0.0014608478256844504,0.0016408445265842333,,0.0008356596606517762,0.000581468168444903,0.0013694293810347887,0.0013401230318360997,0.0015088634378249272,0.0014761328514553986,0.002050450520912512,0.0015184767835070506,0.0020885254845901795,0.0020763475671839006,,0.0009211237813565865,0.000768421796974962,0.0005067786672463193,0.0001965375873693888,,0.0023132892949073217,0.0006955102177927895,0.0017044508092861252,,0.0018389323980006098,0.0005991479708989446,0.0007007159451979058,0.0007879181756702263,0.00032192773475385775,0.0005181474486358125,,0.0015148659124695105,,0.0020399125949229504,,0.0005995268671306274,,0.002728763297644685,0.003242836473237173,0.000651776920797751,0.0002980161025126722,0.001840314764007551,0.0017082829938435695,0.0008396161031612979,,0.000561861497391148,0.0008827048749767207,0.0015865898269291569,,0.0006438338940265137,0.0016320956032743505,0.002129670670011907,0.0018283204725214218,0.0025098514610998202,,0.00026947669200539276,,,,0.0035250357965881996,0.0006824653815740638,0.0015955908249061786,0.0013787258243909103,,,0.00107997761261491,0.0019903122287983142,0.0009192310837738542,0.0003339303179432361,0.0007850967928458164,0.00036937700593396084,0.0008459013443083346,0.000960843732099162,0.0005995770794849449,,0.0002592089143571705,0.0005739595517911638,0.0008180277654509105,,0.002266492157322912,,0.0007530556165855664,0.0007822704290859702,0.0019313109678600804,0.0016204780004586486,0.002076988521174003,0.002649376071514374,,0.002324932455895207,0.00046143703293746973,0.0015371145749406602,,0.00236125472554149,,0.0021896256695665543,,0.0008151371576906618,0.0006252985742178885,,0.0013214854592943192,0.0010173198539397466,,,0.0005476781714821539,0.0012364165663896487,,0.001387552549259579,0.00035743300720757275,0.0008554730534165583,,0.001004760536342494,0.0010836141520858215,0.00047977382691177025,0.0015219148385044697,,0.0006838049037284776,0.00046416606056589265,0.0004964675902340587,0.0003847571660816705,0.0012219521747276689,0.0016751982745969063,0.0014378947490042095,0.0010626592398087,0.0013517123945549583,,0.0004588277681846803,0.0006049148607639972,0.00044839120490278075,,,0.0010416127235982004,0.001526084168643784,0.0009116860547946995,0.0017056004275565937,0.0003527436265479375,0.0006874719936425352,,,0.0014871344319644984,0.0001488506608036577,0.00029902266913355995,0.0005876380452987976,0.0007505574408443747,,,0.0005838296872591539,0.0013105257980006093,,0.001010436799586965,,0.0013344953964351959,,0.0006454015987266709,,0.0005471257096633278,0.0008866046039355532,0.0008954096290341159,0.0006760975988640268,0.0017599993169120445,0.0005128900389570794,0.0006674207414219598,0.0003444088432831502,,,0.0010366330693016104,0.0009155431171348725,0.0004439379805910131,0.0011309534141640645,,7.70494365897074e-06,0.00031797844066751296,,0.00015798048016346457,0.0008760938162557032,,,0.001752512561715459,0.0005377355035339228,0.0015485874134770034,0.0013967300663262601,,0.000157477849156735,0.0013837445480446627,0.00040425219016728716,0.001436166785672287,0.0013762168166171023,0.0016194390620122832,,0.0005716783229184863,,,0.0016406465524409952,0.0003303573636553657,0.0005277155365402339,0.0016537365586866057,0.0020469143672179326,0.0006023489736760193,
650,0.0008565782110059304,0.0017722541766085514,,0.001518617233897841,0.0023187396152302927,0.0029322594946653243,0.002059043296399636,0.001155914440004627,0.0012084240329773624,0.0006436120425626934,,,0.0009470386646388161,,,0.0012480011737107761,0.0018024024768721356,0.0014887441812543967,0.001161992996463725,0.003151041028466225,0.0006608090367263657,,0.00122060419585788,0.0022518334867184815,,0.001775964283476674,,0.001985925372571408,0.0005042587968196231,0.0012849980399452508,0.00028693031857186433,,0.00046254037596614087,,,0.0019528508064520582,0.0019910397421924178,,0.0008427893267945522,0.0011049133027990921,0.0006329384915262449,,0.000915089446551108,0.0013690021338995644,0.00043336497163270126,,0.0010049709349201298,0.0008746751557780184,0.0004338920785128919,0.0010136412851766351,,,,0.0007453317868293446,0.001049425846116183,0.00132555864571032,0.0007374777765961357,0.0006389019122414304,0.0021545335750698985,0.0005870005592180826,0.00045265864473350594,,,0.0005930224329420871,0.0008917569775728517,0.0022818104320682575,0.0008158694124954804,0.0015511932017641952,0.0013910790540786872,0.0011889628149287306,0.00081265225407461,0.0015849740433764542,0.0015601485621848732,0.0010852637529800712,0.0006046706514726099,,0.0012874606996994018,,,,,0.0004311937490750703,0.0007738135929364776,0.0003774549112759803,0.0020983295823370877,0.0006254954760551718,0.001362768628158262,0.0008621015429821297,0.0025001328604098956,0.0008699977960983525,0.0018146386084988467,0.0005384997376234869,,0.0008725509158760772,0.0010057541582935378,0.0005535482619092632,,0.000700388239474681,,0.0009678949010877467,0.0006165596388602389,0.00032781067560748195,0.0018147038363555358,0.0003695236469784456,,0.0014451599823891925,0.0010502481692840561,0.0005330346513875394,0.0019110222041811018,0.0008696868604764011,0.0018884134371382772,0.0005721089578738079,0.0004406417913653894,0.0015118064250987228,0.0016893874693926021,0.00043688795473369315,0.0015943748332789642,0.0004790830408179006,0.00092352160563633,,0.002135527300718362,,0.0005075194839324814,,0.0019410881226989518,,,0.00229189098917383,0.0010834301937205461,,,,,0.0005210455362026185,0.0007336574254890257,0.0006191684112724512,,0.0009407564012836856,0.0003461003357625292,0.0009246965777564395,0.0017307643674093502,0.0005770593526286393,,,0.0017463006659050025,0.001723111257696979,0.0005639380882651148,,,0.0012611516266503929,0.00016296176561003746,0.002728459238192955,0.0013054419024682794,0.0005876069567325551,,0.0013626342856745955,,0.0007098931078360708,0.0021607429196255426,,0.0005233629237536293,0.0011575552122200892,,,0.0013662044451242484,,0.0012414902284724719,0.0005496185604603415,0.0009272398934444046,,0.0014119979991202498,0.0008644170229007092,,0.00046265514287118295,0.0018574418593824305,,,0.0018410251404758068,,0.0006865583426798426,,0.002188652659518351,0.0010699177464020262,0.0015931055115378297,,0.0017483351913447423,0.004623532614797505,0.0018338121225377473,,0.0006249181432189118,0.0006442794667887827,0.0006885132135080465,,,0.000962787813247911,0.000420489778638756,,,0.0007390512670123841,0.0015017834113286715,,0.0003432080425290894,0.0017364260111802723,0.0017573525592647983,0.0007600796354965474,0.0008186240846333983,0.0015316765045143576,0.0008256609315583367,0.0016923334570788612,0.0013017215402234903,0.001131323527801271,0.00047241281378003334,0.0005870598738143908,0.0005832474761611641,0.00045240749576364546,0.0012669429427105163,0.00028743506674284096,,0.0007827659654349345,0.0015928161139783454,,0.002756104112106744,0.00019096473123621157,0.00043332650672116464,0.0008234305983235625,0.0008248671324394594,0.0006745260055430778,0.0011896504747265326,,0.0015841226272106416,0.0018863214042877862,0.0018128882022427674,,0.0020177731057134936,0.0014982767136377164,0.0014546132392684937,0.0010273164908773755,0.000608384086093964,,0.0011004606492214192,,,0.0013853945613440703,0.0007756905656963344,0.0016025219429164261,0.0008264937218420374,0.0013470826041202142,0.0012522153457533586,0.0005648512501179139,0.000948338554494747,0.0005961901043157976,,0.0005271422264016314,,0.0015180206505737224,0.0016651367103132275,,0.0008106621765138772,0.0005310254581213675,0.001425530726947961,0.0013021620914096977,0.0015030508208259716,0.0015738942627495291,0.0023274447823703644,0.0016547211791921807,0.002003797844640995,0.0021176534329334154,,0.000977691067576066,0.0008207396998865109,0.0005350566284664659,0.0002934122445695295,,0.00240557214919116,0.000780782207294514,0.0015510780774847983,,0.0018967738887304924,0.00074884805056062,0.0007548515447940961,0.0009478354976831384,0.0004364880365859348,0.0005980589161819653,,0.0016488659438451253,,0.0019246964976098434,,0.0006636672210199984,,0.0029279813232597567,0.0031576525056857363,0.0007007348100094186,0.0004049067861192655,0.0018863350667048197,0.0018231018133630513,0.0008227388470567305,,0.0006691604134886353,0.0009517620475583061,0.0017252749151958338,,0.0007231895288405169,0.0017080619342055615,0.0021195821420088514,0.0018573752250803685,0.002770388251036389,,0.00033189846689787807,,,,0.003461277921366097,0.0007154884962392826,0.001489804073813145,0.0012652164297965655,,,0.0009781426519967506,0.002082860228917744,0.0008948038665487015,0.0004256855247716543,,0.0004309463732479271,0.0007806630013879744,0.000981008200277254,0.0006775289565581885,,,0.0006417851571029832,0.0009235043217984667,,0.002568761726033863,,0.0008055022902367934,0.0008320111333461037,0.0020340724707616654,0.0015359715353556644,,0.0027582429462002576,,0.0025067365157870783,0.0005020422691105291,0.0016350771632680076,,0.002440172130082412,,,,0.0007976735634799448,0.0006399029559598117,,0.0011826491160080517,0.001045817213971691,,,0.0006472163231713357,0.0012838539069532369,,0.0014493913191994349,0.00042731479873446895,0.0008669968637397171,,0.0009724358404006244,0.0011567094653772557,0.0005859491801815422,0.001590451665545894,,,0.0006101637602632571,0.0004502853847859908,0.0004619879627800029,0.0011380215249985788,0.0015900658214947647,0.0015339529232562595,0.0011208876490137196,0.0014785584846063687,,0.0005548066474454185,0.0007596201337519811,0.0005073864975791987,,,,,0.0008821540201703291,0.0015535613712613534,0.00041849840540563864,0.0007450112651807233,,,0.0015376046104457013,0.00016582449502595205,0.00038565127062670045,0.0007415868669163461,0.0008230529746886095,,,0.0006478571597602061,0.0012453112427556808,,0.0010324520021982627,,0.0014296673835867007,,0.000736646329237032,,0.0006148138924423403,0.0009033015217711257,0.0008403161538109264,0.0006415272863866694,0.0018602631066517554,0.0005784771790385863,0.0007743983569510576,0.00039748323518122266,,,0.0010616591875828177,0.0009155512338388885,0.0005042507451158168,0.0010715159922931247,,1.5969663634657292e-06,,,0.0002014453853636038,0.0009045359661625489,,,0.0016281197559741725,0.0006083062963319869,0.001630221455971582,0.0013380195264633885,,,0.001326223143317639,0.0005431692459907766,0.0012723190842985701,0.0012993804952037794,,,0.0006751259799390864,,,0.0016102354789977308,0.0003875108155263394,0.0005624693455181484,0.0017691742640921465,0.002213263166166159,0.0006990174508571635,
700,0.0010077421170539152,0.0017454375090138331,,0.0015961607208306147,0.0025129430362906937,0.0028665016049303806,0.00213643647343676,0.0008329184101688432,,0.0006591258284546742,,,,,,0.0011644995321709367,0.0017913903459331703,0.0015283233426014928,0.0010731287331376923,0.002912402945566782,0.0008296279604719622,,0.0012952092119775294,0.002131904740065139,,0.0016304432535192539,,0.0020510211346996604,0.0005757315403431142,0.0012647710819730217,0.0004048464512805909,,0.0005057629423976048,,,0.002106671568606006,0.0019963726981756563,,0.0007007541068992893,0.001087489648182152,0.0006513143343220031,,0.0009486236851954092,,0.0004849027945230672,,0.0008718213372469954,0.00101572794318274,0.00048368680864805953,0.0010099672645509771,,,,0.0007945245276117576,0.0009297707961723354,0.0013040015817528787,0.0008374115696418808,0.0005147275382751052,0.0019821747977468193,0.0006302242770432996,0.0004392501436265711,,,0.0006471696386061646,0.0008511652474633609,0.002418774478391198,,0.0014946675831353994,0.0013951398788138959,0.0012519829357151284,,0.0016543948823926225,0.0014835425518714919,0.0011131308197241713,0.0006569825335496012,,0.0013769632393670823,,,,,0.0005785259402698736,0.0008171485155952133,0.00044385934364121315,0.0021889855505830835,0.0007497593411494186,0.001394986920529506,0.0009828697038766388,0.0025685066462940655,0.0010064835579278921,0.0019061709826301923,0.0006311257324847813,,0.0008607008507567315,0.001155360536526584,0.0006471665084108255,,0.0008471518175324934,,0.0010075574447749622,0.00073664023926573,0.0003374473021396368,0.0017041860991309828,0.0003145555233432569,,0.0015505448410560985,0.0011962471154611462,0.0006074797380605565,0.001983510868636713,0.0008421914163482924,0.0017722224812141885,,0.000494246579614698,0.001491240799597067,0.0016419968899435955,0.0005439779757473166,,0.0005955712425105321,0.0011172875558676525,,0.0021330774726373582,,0.000604477182079369,,0.0019902570970061354,,,0.0023181910956184804,0.0008680245622738853,,,,,,0.0008646858704863433,0.0006866883472558741,,0.001040005659793174,0.0004142659638854516,0.000933514678442603,,0.0006725357019551924,,,0.0017787863801342896,0.001781502229318484,0.0006354249351096204,,,0.001145992898053975,0.00018238374929510054,0.002686939366918488,0.0013779884391299398,0.0006864611602717367,,0.001356783016035364,,0.0008488060698227267,0.0021697133992351733,,0.000602429582784669,,,,0.0014104174180462486,,0.0013044184422300955,0.0006445079670910464,,,,,,,0.0019139171331319948,,,0.001834018996961485,,0.0007610820306594889,,,0.001147005461284655,0.0015531451530052152,,0.001817624152819039,,0.0016401876594819762,,,0.0007003559090245222,0.0008263955711488613,,,0.0011217932794800774,0.0005266423839421615,,,0.0008315669897935698,0.0016213022257486837,,0.0003390079650269373,,0.0017928400992964627,0.0008991835125079202,,0.001552145805345186,0.001022842140436576,0.001681319484423806,0.0013768234463117598,,0.0005386900339665562,0.000669403965722656,0.0006909825922143919,,0.0013407363050020504,0.00035013912878136894,,0.0008666359560719135,,,0.0028312738685925903,0.0002027140096200081,0.0005045057023444889,0.0009068516888058811,0.0009090679895954601,0.0007636628612266533,0.0013828377920880684,,0.0017389306391888885,0.0017952872160228476,0.0017949301982022794,,0.0020057357475276164,,0.0014424428320313086,0.0011225283128216852,0.0006223031303758204,,0.001215498364751248,,,0.0014382592638845402,,0.0012881679335390328,0.0009061072218751562,0.001398333940634634,,0.0006200458606344978,0.000976856976805987,,,0.0005764181389957658,,0.001544232447873292,0.0016206164021675318,,,0.0004934028704042139,0.0014633139781195603,,0.0014740030850156109,0.001497634346874166,0.0024999962821172887,0.0017687125256946445,,0.0021531867278086667,,0.000944429908505661,0.0008309829201380852,0.0005656425764328487,0.00041546275177063344,,0.0025148502319160032,0.0008698224382637649,,,0.0018474316426868255,0.0009029894351532846,0.0007994334718661859,0.001074266094091951,0.0005803403597024254,0.0006813442048663777,,0.0018289055372375975,,0.0017449585091889415,,0.0007007037351835583,,0.0030273174845057093,0.002932873566948011,,0.0005216500808043727,0.001913949840846094,0.0018786199257605253,,,0.00078318675264526,0.0010064382470281697,0.0017761963105514726,,0.0008647598723539038,0.0016250277341837152,0.002113451158923296,0.0018625137185745836,0.0029226136789601456,,0.00040681317420415014,,,,0.003313873509569915,0.0007764855434586589,0.0013002729917275448,0.0012345200024808669,,,0.0008586628720529508,0.002083871026322149,,0.0005134261324468138,,0.000503917840703875,,0.0009844709565495922,0.0007468389400877903,,,0.0007095043677301184,0.0009965806433818278,,0.0027701170974177244,,0.0008721990426554953,,0.0020283567195419736,0.0013534832945283613,,0.0027383285273757424,,0.002595686451089745,0.0005500536129046537,0.0015860925119835596,,0.002427161891862052,,,,,,,0.0009568594981803792,0.00102039801215856,,,0.000751688197534626,0.001253507691014099,,,0.0005065968850125522,0.0008890325477490313,,0.0009159778347557195,0.0011419730517801428,0.0006909212603649059,0.0015687806041741682,,,0.000750616708801134,,0.0005553981676171102,0.0010679194843166413,,0.0015801241168073065,0.0011345793704702475,0.0016090833120393415,,0.0006747214875672831,0.0008863501583158148,0.0005648290540889,,,,,0.0008418917278905926,0.0012948072933372896,0.00049496830325863,0.0007622944837286985,,,0.0015639296317013728,0.00018165966799650238,0.0005046324527279569,0.0008854641479430773,0.000891060440128003,,,0.0007133795164461019,0.0011348947896771871,,0.0010231137152471987,,0.0014682519492415138,,0.0007814521881451877,,0.0006841704421764422,0.0009077441435135825,,0.0006093350532976657,0.0018848761580987357,0.0006471599874488081,0.0008800773545922882,0.0004602810264350667,,,0.0011074405968314281,,0.0005733083805829595,0.000865403189560609,,6.431758006105494e-07,,,0.00024771372298800144,0.000986605646950466,,,0.0012148394953205716,0.0006799245513421236,0.0016684413804940173,,,,0.0011768371559725647,0.0007065548239477051,0.0011057346148258768,,,,0.0007964808339801852,,,0.0015546203062199726,0.0004432083736716198,0.0005958520786806407,0.0018720772090881255,0.0022678437132982094,0.0008177184262971735,
750,0.001127445657188242,0.0017110800259474885,,,0.002605464224998056,0.0028253211483420374,,0.0006339855179532777,,,,,,,,0.0010223398484280272,,,,0.0025581109767530293,0.001020941423996757,,0.001361832086889442,,,,,0.002022908920118035,0.0006339092802045257,,0.0005314105063952999,,0.0005792242107691383,,,0.0021512736774515163,0.001991554473803264,,,,0.0006584365063117595,,,,0.0005442205699215121,,0.0007079583696555508,0.0011229898060399579,0.0005473214710834647,0.0009668772223053987,,,,,0.0007913375508156044,,0.0009571524132063696,,0.0017661990308358026,0.0006779698510927944,,,,,0.0008006497131477664,0.0025108463527349694,,0.0013710483057420568,0.0013770099482213589,0.0012686818272916514,,0.001695962530349246,,,0.0007046309966078148,,0.0014252252478169514,,,,,0.000763154488160048,0.0008300992203303525,0.000494608319513157,0.0022003465016766383,0.0008686039174206122,0.001389201710948973,0.001033169212872064,0.0026629153687799086,0.0010860064119271307,0.001978832854341632,,,0.0008344226547635546,0.0012507238590457538,,,0.0009923010875178913,,0.0009931750800053402,0.0005559597873724044,,,,,,0.001335464199094877,0.0007003086033723356,0.002055234812984238,,0.0015544217800016948,,,,0.0014788261486264503,0.0006650402977667388,,,0.0012826146430639702,,0.0020427938484394695,,0.0007232971774664919,,0.0020045408910191456,,,0.0022359557984071316,0.0006855398723553798,,,,,,0.0009874561711032469,0.0007506363885556205,,,0.0004831031880127824,0.0008721694251140073,,0.0007817270967144208,,,0.0017603754184262663,0.0018502789072792532,0.0007189622202441483,,,,0.0008995898291119085,0.0024636373812417386,0.0014372132153916979,0.0008106848083408438,,,,0.0009963858262360618,0.0021522842162235915,,0.0006835222976341292,,,,0.0013752405085091244,,0.0012527745667214364,0.0007231466589256257,,,,,,,0.0020360650784269473,,,0.0016903963109004723,,0.0007944680194284699,,,0.0011998804244830626,0.001494749002161505,,,,0.001476657098059615,,,0.000719689771552893,0.0009457075305999231,,,0.0012357944648809,0.0006515035983894792,,,0.0009222007098479024,,,0.0004594039703217481,,,0.0010290048319249695,,0.0014967743876983111,0.001182223988848039,0.0016131611107775242,,,,0.0007600012030623433,0.0007764779848087989,,0.0013893539259012037,0.00042011491313741087,,0.0009284057244006428,,,0.0028040498761620863,,0.0005765858002335238,0.0009857387205069572,0.0009708524703221045,0.000817141227747047,,,0.0018211967026996268,0.00164125501105133,0.0017761978474797875,,0.0018414408670804003,,,,,,,,,0.0014445137336271843,,,0.0009736194307007586,0.0013997063896398205,,,,,,0.0006343825707046973,,0.00154574252419152,,,,,,,0.0014493875147150654,0.001258525582121205,0.0024938010896553495,0.001828922854227233,,0.0022012902342052414,,0.0008553253865001844,0.0008163646677096863,,,,0.0026008924533412687,0.0009635560519319019,,,0.0017056730175862465,0.0010326969499591901,0.0008361287518200189,0.0011573834461318466,0.0007431740065780473,0.0007674445884995995,,0.001984702927474429,,,,,,0.0029822704594770415,0.0027672678448284875,,,,0.0018922286576840038,,,0.0008792390755301964,0.0010488396024229704,0.001694210854003424,,,,,0.0018725613889345413,0.0028998999307472016,,0.00048018906074820747,,,,0.003096959525593459,0.0008487074181890671,,,,,0.000734241204773237,,,,,0.0005936133811159298,,,,,,0.000780741368065508,0.0010491556218784291,,0.00276528169283666,,,,0.0018763835416533334,,,0.0026500945044021355,,0.002588877766201747,,0.0013787720584342103,,0.002353747553290615,,,,,,,0.0006827877317496942,,,,0.0008654021840168708,,,,0.0005964307579301019,,,,0.0010709135269336794,0.0008024688565584103,0.0014927904006927213,,,0.0008738023620737008,,0.0006461392005889238,0.0009397438522703955,,0.0015426102012206758,0.0011495357839176115,0.0017386454504853736,,0.0008382541499275721,0.0009697690350414771,,,,,,,0.0009788410340793277,0.0005814090382911302,0.0007521206250610282,,,0.001538151692727386,,0.0006625814242850773,0.0010041204974074879,,,,0.000776683008081064,0.0009894021316363337,,,,,,0.000791602386775721,,0.0007578026333703115,0.0008966364180875426,,,,0.0007209877118812049,0.000979699393289906,0.0005287012331486947,,,,,0.0006520736477990361,0.0006302578723893233,,3.447143066781513e-05,,,0.0003019056719668965,,,,,,0.0016568702148826331,,,,0.0010458029220487134,0.0008929117304748858,0.0009389700758887502,,,,0.0009319586715731889,,,0.001552766310360372,0.0004799281481208298,0.0006273255119193222,0.001908799131906774,0.002209763616945373,,
800,0.0012062267948211108,,,,,0.0027641364141658452,,,,,,,,,,0.0008495676971950603,,,,0.0020250955863867427,0.0012144239527056558,,0.0014242013123648453,,,,,,,,0.0006347198191295931,,0.0006506494781187246,,,,,,,,0.0006598838013849237,,,,0.0006136224788083142,,0.0005259124618333148,0.0011898647455255474,,0.0009048632750849064,,,,,,,0.00110479735817757,,0.0014922939503078025,0.0007461870994304416,,,,,0.000737239417175982,,,0.0012049509035087752,,0.0012420020986187513,,0.0016938882808190273,,,,,0.0013777447050538545,,,,,0.0009839567720133103,0.0008007568797632867,0.0005158297853263802,,0.0009729162605630102,0.0013233805189195663,0.0010206877280436728,0.0026076713812734718,0.001110247198404103,0.00202353604522825,,,0.0008021568360004396,0.001241074341585542,,,,,0.0009058772816555317,0.0006011450750070348,,,,,,,0.0008193848588514526,0.002118487964141043,,,,,,0.0013464281659457526,0.0007998254081244145,,,0.0013911199068909555,,,,0.0008650815215208637,,0.001978892363451782,,,0.001980945480089205,0.0005077624432295718,,,,,,0.0010974211914020623,0.0008112896753650278,,,,,,0.0008977360330277248,,,0.0016971019199325452,0.0019260014037869757,,,,,0.0007505803846841344,,0.001443153603083315,0.0009541951391976195,,,,0.0011414900889527677,0.0021270529953143534,,0.0007700646833722535,,,,0.001244797198246766,,,0.0007743884313700525,,,,,,,,,,,,,,,0.0012409018676627726,,,,,,,,,0.001059611142188701,,,0.0013017879924976002,,,,0.001017130466390311,,,0.0004646253734631198,,,0.0011364512182683163,,0.0013807709317261733,0.0012934297576435107,,,,,0.0008620186722228387,0.0008452067423877815,,0.0014423314215917576,0.0004978635967970978,,0.0009570644798197588,,,0.0026710803270166587,,,0.0010602401629508113,0.0010341835148503621,,,,0.0017624900244293342,,,,0.001620104625920397,,,,,,,,,,,,0.0010365178550372095,0.0013715241565985822,,,,,,,,0.0015326913085522693,,,,,,,0.00143723614124563,0.001131069178889927,0.002321294215868055,,,0.002177277555412541,,,,,,,0.002624602164430273,0.0010582859052914904,,,,,,0.0012067355996654501,0.0009199673999062297,0.0008620275827386845,,0.0020446420961051123,,,,,,0.00278946121002262,0.0027172436724993954,,,,,,,0.0009353157422918064,0.001089773350452571,0.0015720370515691362,,,,,,0.0027043380927438,,,,,,0.0027599730642904694,0.0008782098512276538,,,,,0.0006189600538078922,,,,,0.000711037006506104,,,,,,0.0008641064411727861,0.0011078495643443542,,0.0025593430765008967,,,,,,,0.0025040319179421553,,,,0.001226789906640125,,0.0023001616362138856,,,,,,,0.0004288097107873051,,,,0.0010011437671113704,,,,0.0006990828699613684,,,,0.0010206835752440597,0.0009339672103715711,0.0015216378135150521,,,0.000981374541190186,,,,,,,0.0018253975206126711,,0.0010332874687743003,0.001013214094839164,,,,,,,,0.0006763352934341815,,,,,,0.0008628211135990062,0.0010900147790640852,,,,0.0008335300012781161,,,,,,,0.0007934330172626246,,0.0008417256277788052,0.0008668223620796837,,,,0.0008008965698832142,0.0010741381516211734,,,,,,,0.00044784414954906994,,0.0007810029389946849,,,,,,,,,,,,,,0.001083716925659594,0.0007721191860179078,,,,0.0010726501623291422,,,,,,0.0018130699280203648,,,
850,0.001236752875096073,,,,,0.002633245190154312,,,,,,,,,,,,,,0.001494099621990357,,,0.0014793553063185945,,,,,,,,0.0006822167234724584,,,,,,,,,,0.0006641417532529638,,,,0.0006935469728571479,,,0.0012184365144602858,,,,,,,,,0.0012813898806858352,,0.0012083519332144886,0.0008139275424837968,,,,,0.000660360144122735,,,,,0.0011796277450988398,,,,,,,,,,,,,0.0007430155484522072,0.0005117815562993927,,0.0010625081637718606,0.0011782093568717858,0.0009739208654794842,,0.0011853999638391129,0.002030856231955438,,,0.0007780621871666375,,,,,,,0.0006056646378096023,,,,,,,0.0009634016283350072,0.0021588829647259233,,,,,,,0.0009759763572720518,,,,,,,0.001034558200461838,,,,,,0.00034460305202559186,,,,,,0.0012000971160977046,0.0008817317230311209,,,,,,0.0010007447472269232,,,0.0016301089743525161,0.00199930992972774,,,,,,,0.0013529524419934882,0.00108181748729492,,,,,,,0.0008789412351390296,,,,,,,0.000787720434330654,,,,,,,,,,,,,,,,,,,,,,,,,,,0.0013536808828604264,,,,,,,0.000464534197217925,,,0.0012078973617034995,,,0.0013611622315839833,,,,,0.0009782523750854677,0.0009175077532122161,,,0.0005892449375354029,,0.0009570753832296975,,,0.002477188056143468,,,0.0011282379101585941,,,,,0.001591182911852301,,,,,,,,,,,,,,,,0.0011250681531136777,,,,,,,,,0.001508351459630543,,,,,,,0.0014138049630134395,,0.0021094050660000058,,,,,,,,,,0.002590189088473531,0.0011465548599854064,,,,,,0.0012563108735107967,0.0011668353547265602,0.000979729001284936,,0.0019930879066412124,,,,,,0.0025473003118847925,0.0026485422731526522,,,,,,,0.0009662635403580287,0.0011513913685544598,,,,,,,0.0024491266587771208,,,,,,0.0023216687484461256,0.0007827134041275445,,,,,,,,,,0.000882091276831551,,,,,,0.0009738972521760943,,,0.0022974187033993326,,,,,,,0.002331700825820926,,,,,,,,,,,,,,,,,,,,,0.0008186747684170669,,,,,0.0010815930030622161,,,,0.001087884172330309,,,,,,,,,0.0011062009782771022,0.0010321871437053327,,,,,,,,0.0007786935312431368,,,,,,,0.00115007468725851,,,,0.0008843851342186944,,,,,,,0.0008011082159146377,,0.000946656517347345,0.0008196666982477223,,,,0.0008862211771291573,0.001179021603453954,,,,,,,,,,,,,,,,,,,,,,,,,,,,0.001197488606417308,,,,,,,,,
900,0.0011981180081257886,,,,,0.002446971080971311,,,,,,,,,,,,,,0.001370237545807198,,,0.0015092422815004376,,,,,,,,,,,,,,,,,,,,,,0.0007796069651422066,,,0.0012240287021762853,,,,,,,,,0.0014649521112051888,,0.0010542151162946125,,,,,,,,,,,,,,,,,,,,,,,,0.0007147537919322518,0.0005250277894897898,,,,0.0009162983717222201,,,0.001992611005418094,,,,,,,,,,,,,,,,,0.0011012663007095933,0.002158963627156441,,,,,,,,,,,,,,0.0012464606745907277,,,,,,0.00022100588482789647,,,,,,0.0013160955500021274,0.0009988370351619196,,,,,,0.0010582366276768935,,,,0.0020637657744684854,,,,,,,0.0011480784952640996,,,,,,,,0.0010539238803830323,,,,,,,0.0009485598126845456,,,,,,,,,,,,,,,,,,,,,,,,,,,0.0014897378324388632,,,,,,,0.0004585437542460103,,,0.0012328404139190943,,,0.0013885364032751974,,,,,0.0011091917543377843,0.0010130845593465127,,,0.0007102316510455673,,0.0009654198946716749,,,0.002341936630645329,,,,,,,,0.0014685793738291443,,,,,,,,,,,,,,,,0.0013059734344643777,,,,,,,,,,,,,,,,0.001308132079072698,,0.0020573649146585667,,,,,,,,,,0.002582114602644654,0.0012235880855797241,,,,,,0.0013716569547768693,,0.001143455629414233,,0.0019047444971658552,,,,,,0.0024337029136077097,0.002384699568523322,,,,,,,,,,,,,,,0.0023170760373711417,,,,,,0.001975700480474671,,,,,,,,,,,0.0011649984690427205,,,,,,0.0011274024645014067,,,0.002217057042496202,,,,,,,0.002241991579321566,,,,,,,,,,,,,,,,,,,,,0.0009611366924693415,,,,,,,,,0.0012025648242142588,,,,,,,,,,0.0010266766960034107,,,,,,,,0.0008904706399295991,,,,,,,0.0012105581416629472,,,,,,,,,,,,,0.0010900355674085156,,,,,0.0009752218292775549,0.0013385598001388927,,,,,,,,,,,,,,,,,,,,,,,,,,,,,,,,,,,,,
950,,,,,,,,,,,,,,,,,,,,,,,,,,,,,,,,,,,,,,,,,,,,,,,,,,,,,,,,,,,,,,,,,,,,,,,,,,,,,,,,,,,,,,,,,,,,,,,,,,,,,,,,,,,,,,,,,,,,,,,,,,,,,,,,,,,,,,,,,,,,,,,,,,,,,,,,,,,,,,,,,,,,,,,,,,,,,,,,,,,,,,,,,,,,,,,,,,,,,,,,,,,,,,,,,,,,,,,,,,,,,,,,,,,,,,,,,,,,,,,,,,,,,,,,,,,,,,,,,,,,,,,,,,,,,,,,,,,,,,,,,,,,,,,,,,,,,,,,,,,,,,,,,,,,,,,,,,,,,,,,,,,,,,,,,,,,,,,,,,,,,,,,,,,,,,,,,,,,,,,,,,,,,,,,,,,,,,,,,,,,,,,,,,,,,,,,,,,,,,,,,,,,,,,,,,,,,,,,,,,,,,,,,,,,,,,,,,,,,,,,,,,,,,,,,,,
1000,,,,,,,,,,,,,,,,,,,,,,,,,,,,,,,,,,,,,,,,,,,,,,,,,,,,,,,,,,,,,,,,,,,,,,,,,,,,,,,,,,,,,,,,,,,,,,,,,,,,,,,,,,,,,,,,,,,,,,,,,,,,,,,,,,,,,,,,,,,,,,,,,,,,,,,,,,,,,,,,,,,,,,,,,,,,,,,,,,,,,,,,,,,,,,,,,,,,,,,,,,,,,,,,,,,,,,,,,,,,,,,,,,,,,,,,,,,,,,,,,,,,,,,,,,,,,,,,,,,,,,,,,,,,,,,,,,,,,,,,,,,,,,,,,,,,,,,,,,,,,,,,,,,,,,,,,,,,,,,,,,,,,,,,,,,,,,,,,,,,,,,,,,,,,,,,,,,,,,,,,,,,,,,,,,,,,,,,,,,,,,,,,,,,,,,,,,,,,,,,,,,,,,,,,,,,,,,,,,,,,,,,,,,,,,,,,,,,,,,,,,,,,,,,,,,
1050,,,,,,,,,,,,,,,,,,,,,,,,,,,,,,,,,,,,,,,,,,,,,,,,,,,,,,,,,,,,,,,,,,,,,,,,,,,,,,,,,,,,,,,,,,,,,,,,,,,,,,,,,,,,,,,,,,,,,,,,,,,,,,,,,,,,,,,,,,,,,,,,,,,,,,,,,,,,,,,,,,,,,,,,,,,,,,,,,,,,,,,,,,,,,,,,,,,,,,,,,,,,,,,,,,,,,,,,,,,,,,,,,,,,,,,,,,,,,,,,,,,,,,,,,,,,,,,,,,,,,,,,,,,,,,,,,,,,,,,,,,,,,,,,,,,,,,,,,,,,,,,,,,,,,,,,,,,,,,,,,,,,,,,,,,,,,,,,,,,,,,,,,,,,,,,,,,,,,,,,,,,,,,,,,,,,,,,,,,,,,,,,,,,,,,,,,,,,,,,,,,,,,,,,,,,,,,,,,,,,,,,,,,,,,,,,,,,,,,,,,,,,,,,,,,,
1100,,,,,,,,,,,,,,,,,,,,,,,,,,,,,,,,,,,,,,,,,,,,,,,,,,,,,,,,,,,,,,,,,,,,,,,,,,,,,,,,,,,,,,,,,,,,,,,,,,,,,,,,,,,,,,,,,,,,,,,,,,,,,,,,,,,,,,,,,,,,,,,,,,,,,,,,,,,,,,,,,,,,,,,,,,,,,,,,,,,,,,,,,,,,,,,,,,,,,,,,,,,,,,,,,,,,,,,,,,,,,,,,,,,,,,,,,,,,,,,,,,,,,,,,,,,,,,,,,,,,,,,,,,,,,,,,,,,,,,,,,,,,,,,,,,,,,,,,,,,,,,,,,,,,,,,,,,,,,,,,,,,,,,,,,,,,,,,,,,,,,,,,,,,,,,,,,,,,,,,,,,,,,,,,,,,,,,,,,,,,,,,,,,,,,,,,,,,,,,,,,,,,,,,,,,,,,,,,,,,,,,,,,,,,,,,,,,,,,,,,,,,,,,,,,,,
1150,,,,,,,,,,,,,,,,,,,,,,,,,,,,,,,,,,,,,,,,,,,,,,,,,,,,,,,,,,,,,,,,,,,,,,,,,,,,,,,,,,,,,,,,,,,,,,,,,,,,,,,,,,,,,,,,,,,,,,,,,,,,,,,,,,,,,,,,,,,,,,,,,,,,,,,,,,,,,,,,,,,,,,,,,,,,,,,,,,,,,,,,,,,,,,,,,,,,,,,,,,,,,,,,,,,,,,,,,,,,,,,,,,,,,,,,,,,,,,,,,,,,,,,,,,,,,,,,,,,,,,,,,,,,,,,,,,,,,,,,,,,,,,,,,,,,,,,,,,,,,,,,,,,,,,,,,,,,,,,,,,,,,,,,,,,,,,,,,,,,,,,,,,,,,,,,,,,,,,,,,,,,,,,,,,,,,,,,,,,,,,,,,,,,,,,,,,,,,,,,,,,,,,,,,,,,,,,,,,,,,,,,,,,,,,,,,,,,,,,,,,,,,,,,,,,
1200,,,,,,,,,,,,,,,,,,,,,,,,,,,,,,,,,,,,,,,,,,,,,,,,,,,,,,,,,,,,,,,,,,,,,,,,,,,,,,,,,,,,,,,,,,,,,,,,,,,,,,,,,,,,,,,,,,,,,,,,,,,,,,,,,,,,,,,,,,,,,,,,,,,,,,,,,,,,,,,,,,,,,,,,,,,,,,,,,,,,,,,,,,,,,,,,,,,,,,,,,,,,,,,,,,,,,,,,,,,,,,,,,,,,,,,,,,,,,,,,,,,,,,,,,,,,,,,,,,,,,,,,,,,,,,,,,,,,,,,,,,,,,,,,,,,,,,,,,,,,,,,,,,,,,,,,,,,,,,,,,,,,,,,,,,,,,,,,,,,,,,,,,,,,,,,,,,,,,,,,,,,,,,,,,,,,,,,,,,,,,,,,,,,,,,,,,,,,,,,,,,,,,,,,,,,,,,,,,,,,,,,,,,,,,,,,,,,,,,,,,,,,,,,,,,,
